-- phpMyAdmin SQL Dump
-- version 3.3.2deb1
-- http://www.phpmyadmin.net
--
-- Host: localhost
-- Generation Time: Mar 07, 2011 at 10:32 PM
-- Server version: 5.1.41
-- PHP Version: 5.3.2-1ubuntu4.7

SET SQL_MODE="NO_AUTO_VALUE_ON_ZERO";


/*!40101 SET @OLD_CHARACTER_SET_CLIENT=@@CHARACTER_SET_CLIENT */;
/*!40101 SET @OLD_CHARACTER_SET_RESULTS=@@CHARACTER_SET_RESULTS */;
/*!40101 SET @OLD_COLLATION_CONNECTION=@@COLLATION_CONNECTION */;
/*!40101 SET NAMES utf8 */;

--
-- Database: `leviatha`
--

-- --------------------------------------------------------

--
-- Table structure for table `loot`
--

CREATE TABLE IF NOT EXISTS `loot` (
  `name` varchar(64) NOT NULL,
  `urlname` varchar(64) NOT NULL,
  `level` int(11) DEFAULT NULL,
  `levelreq` int(11) DEFAULT NULL,
  `division` varchar(64) NOT NULL,
  `rarity` varchar(32) NOT NULL DEFAULT 'normal',
  PRIMARY KEY (`name`),
  KEY `division` (`division`),
  KEY `urlname` (`urlname`)
) ENGINE=InnoDB DEFAULT CHARSET=utf8;

--
-- Dumping data for table `loot`
--

INSERT INTO `loot` (`name`, `urlname`, `level`, `levelreq`, `division`, `rarity`) VALUES
('Aegis', 'aegis', 79, 59, 'Shield', 'normal'),
('Aerin Shield', 'aerin-shield', 20, 15, 'Paladin Shield', 'normal'),
('Akaran Rondache', 'akaran-rondache', 40, 30, 'Paladin Shield', 'normal'),
('Akaran Targe', 'akaran-targe', 35, 26, 'Paladin Shield', 'normal'),
('Alpha Helm', 'alpha-helm', 35, 26, 'Druid Pelt', 'normal'),
('Amulet', 'amulet', NULL, NULL, 'Jewelry', 'normal'),
('Ancient Armor', 'ancient-armor', 40, 0, 'Chest Armor', 'normal'),
('Ancient Axe', 'ancient-axe', 51, 25, 'Axe', 'normal'),
('Ancient Shield', 'ancient-shield', 56, 25, 'Shield', 'normal'),
('Ancient Sword', 'ancient-sword', 49, 25, 'Sword', 'normal'),
('Antlers', 'antlers', 16, 12, 'Druid Pelt', 'normal'),
('Arbalest', 'arbalest', 34, 22, 'Crossbow', 'normal'),
('Archon Plate', 'archon-plate', 84, 63, 'Chest Armor', 'normal'),
('Archon Staff', 'archon-staff', 85, 66, 'Staff', 'normal'),
('Armet', 'armet', 68, 51, 'Helm', 'normal'),
('Ashwood Bow', 'ashwood-bow', 39, 29, 'Amazon Bow', 'normal'),
('Assault Helmet', 'assault-helmet', 20, 15, 'Barbarian Headgear', 'normal'),
('Ataghan', 'ataghan', 61, 45, 'Sword', 'normal'),
('Avenger Guard', 'avenger-guard', 24, 18, 'Barbarian Headgear', 'normal'),
('Axe', 'axe', 7, 0, 'Axe', 'normal'),
('Balanced Axe', 'balanced-axe', 16, 0, 'Throwing Axe', 'normal'),
('Balanced Knife', 'balanced-knife', 13, 0, 'Throwing Knife', 'normal'),
('Balista', 'balista', 47, 25, 'Crossbow', 'normal'),
('Balrog Blade', 'balrog-blade', 71, 53, 'Sword', 'normal'),
('Balrog Skin', 'balrog-skin', 76, 57, 'Chest Armor', 'normal'),
('Balrog Spear', 'balrog-spear', 71, 53, 'Javelin', 'normal'),
('Barbed Club', 'barbed-club', 32, 20, 'Club', 'normal'),
('Barbed Shield', 'barbed-shield', 42, 25, 'Shield', 'normal'),
('Bardiche', 'bardiche', 5, 0, 'Polearm', 'normal'),
('Basinet', 'basinet', 45, 25, 'Helm', 'normal'),
('Bastard Sword', 'bastard-sword', 24, 0, 'Sword', 'normal'),
('Battle Axe', 'battle-axe', 17, 0, 'Axe', 'normal'),
('Battle Belt', 'battle-belt', 49, 25, 'Belt', 'normal'),
('Battle Boots', 'battle-boots', 49, 25, 'Boots', 'normal'),
('Battle Cestus', 'battle-cestus', 73, 54, '2 Handed Assassin Katar', 'normal'),
('Battle Dart', 'battle-dart', 31, 19, 'Throwing Knife', 'normal'),
('Battle Gauntlets', 'battle-gauntlets', 49, 25, 'Gloves', 'normal'),
('Battle Hammer', 'battle-hammer', 48, 25, 'Hammer', 'normal'),
('Battle Scythe', 'battle-scythe', 40, 25, 'Polearm', 'normal'),
('Battle Staff', 'battle-staff', 17, 0, 'Staff', 'normal'),
('Battle Sword', 'battle-sword', 40, 25, 'Sword', 'normal'),
('Bearded Axe ', 'bearded-axe-', 38, 25, 'Axe', 'normal'),
('Bec-de-Corbin', 'bec-de-corbin', 51, 25, 'Polearm', 'normal'),
('Belt', 'Belt', 12, 0, 'Belt', 'normal'),
('Berserker Axe', 'berserker-axe', 85, 64, 'Axe', 'normal'),
('Bill', 'bill', 37, 25, 'Polearm', 'normal'),
('Blade', 'blade', 23, 0, 'Knife', 'normal'),
('Blade Barrier', 'blade-barrier', 68, 51, 'Shield', 'normal'),
('Blade Bow', 'blade-bow', 60, 45, 'Bow', 'normal'),
('Blade Talons', 'blade-talons', 21, 0, 'Assassin Katar', 'normal'),
('Blood Spirit', 'blood-spirit', 62, 46, 'Druid Pelt', 'normal'),
('Bloodlord Skull', 'bloodlord-skull', 85, 65, 'Necromancer Head', 'normal'),
('Bone Helm', 'bone-helm', 22, 0, 'Helm', 'normal'),
('Bone Knife', 'bone-knife', 58, 43, 'Knife', 'normal'),
('Bone Shield', 'bone-shield', 19, 0, 'Shield', 'normal'),
('Bone Visage', 'bone-visage', 84, 63, 'Helm', 'normal'),
('Bone Wand', 'bone-wand', 18, 0, 'Wand', 'normal'),
('Boneweave', 'boneweave', 62, 47, 'Chest Armor', 'normal'),
('Boneweave Boots', 'boneweave-boots', 72, 54, 'Boots', 'normal'),
('Bracers', 'bracers', 12, 0, 'Gloves', 'normal'),
('Bramble Mitts', 'bramble-mitts', 57, 42, 'Gloves', 'normal'),
('Brandistock', 'brandistock', 16, 0, 'Spear', 'normal'),
('Breast Plate', 'breast-plate', 18, 0, 'Chest Armor', 'normal'),
('Broad Axe ', 'broad-axe-', 12, 0, 'Axe', 'normal'),
('Broad Sword', 'broad-sword', 15, 0, 'Sword', 'normal'),
('Buckler', 'buckler', 1, 0, 'Shield', 'normal'),
('Burnt Wand', 'burnt-wand', 31, 19, 'Wand', 'normal'),
('Caduceus', 'caduceus', 85, 66, 'Scepter', 'normal'),
('Cantor Trophy', 'cantor-trophy', 49, 36, 'Necromancer Head', 'normal'),
('Cap', 'cap', 1, 0, 'Helm', 'normal'),
('Carnage Helm', 'carnage-helm', 60, 45, 'Barbarian Headgear', 'normal'),
('Casque', 'casque', 42, 25, 'Helm', 'normal'),
('Cedar Bow', 'cedar-bow', 35, 23, 'Bow', 'normal'),
('Cedar Staff', 'cedar-staff', 38, 25, 'Staff', 'normal'),
('Ceremonial Bow', 'ceremonial-bow', 47, 35, 'Amazon Bow', 'normal'),
('Ceremonial Javelin', 'ceremonial-javelin', 35, 26, 'Amazon Javelin', 'normal'),
('Ceremonial Pike', 'ceremonial-pike', 51, 38, 'Amazon Spear', 'normal'),
('Ceremonial Spear', 'ceremonial-spear', 43, 32, 'Amazon Spear', 'normal'),
('Cestus', 'cestus', 15, 0, 'Assassin Katar', 'normal'),
('Chain Boots', 'chain-boots', 12, 0, 'Boots', 'normal'),
('Chain Mail', 'chain-mail', 15, 0, 'Chest Armor', 'normal'),
('Champion Axe', 'champion-axe', 82, 61, 'Axe', 'normal'),
('Champion Sword', 'champion-sword', 77, 57, 'Sword', 'normal'),
('Chaos Armor', 'chaos-armor', 61, 25, 'Chest Armor', 'normal'),
('Charm', 'charm', NULL, NULL, 'Charm', 'normal'),
('Choking Gas Potion', 'choking-gas-potion', 20, 16, 'Throwing Potion', 'normal'),
('Chu-Ko-Nu', 'chu-ko-nu', 54, 25, 'Crossbow', 'normal'),
('Cinquedeas', 'cinquedeas', 42, 25, 'Knife', 'normal'),
('Circlet', 'circlet', 24, 16, 'Circlet', 'normal'),
('ClAmazon Speard Orb', 'clamazon-speard-orb', 17, 13, 'Sorceress Orb', 'normal'),
('Claws', 'claws', 18, 0, 'Assassin Katar', 'normal'),
('Claymore', 'claymore', 17, 0, 'Sword', 'normal'),
('Cleaver', 'cleaver', 34, 22, 'Axe', 'normal'),
('Cloudy Sphere', 'cloudy-sphere', 41, 30, 'Sorceress Orb', 'normal'),
('Club', 'club', 1, 0, 'Club', 'normal'),
('Colossal Sword', 'colossal-sword', 80, 60, 'Sword', 'normal'),
('Colossus Blade', 'colossus-blade', 85, 63, 'Sword', 'normal'),
('Colossus Crossbow', 'colossus-crossbow', 75, 56, 'Crossbow', 'normal'),
('Colossus Girdle', 'colossus-girdle', 85, 67, 'Belt', 'normal'),
('Colossus Voulge', 'colossus-voulge', 64, 48, 'Polearm', 'normal'),
('Composite Bow', 'composite-bow', 12, 0, 'Bow', 'normal'),
('Conqueror Crown', 'conqueror-crown', 80, 60, 'Barbarian Headgear', 'normal'),
('Conquest Sword', 'conquest-sword', 78, 58, 'Sword', 'normal'),
('Corona', 'corona', 85, 66, 'Helm', 'normal'),
('Coronet', 'coronet', 52, 39, 'Circlet', 'normal'),
('Crossbow', 'crossbow', 15, 0, 'Crossbow', 'normal'),
('Crowbill', 'crowbill', 43, 25, 'Axe', 'normal'),
('Crown', 'crown', 29, 0, 'Helm', 'normal'),
('Crown Shield', 'crown-shield', 24, 18, 'Paladin Shield', 'normal'),
('Crusader Bow', 'crusader-bow', 77, 57, 'Bow', 'normal'),
('Crusader Gauntlets', 'crusader-gauntlets', 76, 57, 'Gloves', 'normal'),
('Cryptic Axe', 'cryptic-axe', 79, 59, 'Polearm', 'normal'),
('Cryptic Sword', 'cryptic-sword', 82, 61, 'Sword', 'normal'),
('Crystal Sword', 'crystal-sword', 11, 0, 'Sword', 'normal'),
('Crystalline Globe', 'crystalline-globe', 37, 27, 'Sorceress Orb', 'normal'),
('Cudgel', 'cudgel', 30, 18, 'Club', 'normal'),
('Cuirass', 'cuirass', 47, 25, 'Chest Armor', 'normal'),
('Cutlass', 'cutlass', 43, 25, 'Sword', 'normal'),
('Dacian Falx', 'dacian-falx', 42, 25, 'Sword', 'normal'),
('Dagger', 'dagger', 3, 0, 'Knife', 'normal'),
('Death Mask', 'death-mask', 48, 25, 'Helm', 'normal'),
('Decapitator', 'decapitator', 73, 54, 'Axe', 'normal'),
('Defender', 'defender', 34, 22, 'Shield', 'normal'),
('Demon Crossbow', 'demon-crossbow', 84, 63, 'Crossbow', 'normal'),
('Demon Head', 'demon-head', 24, 18, 'Necromancer Head', 'normal'),
('Demon Heart', 'demon-heart', 75, 56, 'Sorceress Orb', 'normal'),
('Demonhead', 'demonhead', 74, 55, 'Helm', 'normal'),
('Demonhide Armor', 'demonhide-armor', 37, 25, 'Chest Armor', 'normal'),
('Demonhide Boots', 'demonhide-boots', 36, 24, 'Boots', 'normal'),
('Demonhide Gloves', 'demonhide-gloves', 33, 21, 'Gloves', 'normal'),
('Demonhide Sash', 'demonhide-sash', 36, 24, 'Belt', 'normal'),
('Destroyer Helm', 'destroyer-helm', 73, 54, 'Barbarian Headgear', 'normal'),
('Devil Star', 'devil-star', 70, 52, 'Mace', 'normal'),
('Diadem', 'diadem', 85, 64, 'Circlet', 'normal'),
('Diamond Bow', 'diamond-bow', 72, 54, 'Bow', 'normal'),
('Diamond Mail', 'diamond-mail', 72, 54, 'Chest Armor', 'normal'),
('Dimensional Blade', 'dimensional-blade', 37, 25, 'Sword', 'normal'),
('Dimensional Shard', 'dimensional-shard', 85, 66, 'Sorceress Orb', 'normal'),
('Dirk', 'dirk', 9, 0, 'Knife', 'normal'),
('Divine Scepter', 'divine-scepter', 45, 25, 'Scepter', 'normal'),
('Double Axe', 'double-axe', 13, 0, 'Axe', 'normal'),
('Double Bow', 'double-bow', 39, 25, 'Bow', 'normal'),
('Dragon Shield', 'dragon-shield', 45, 25, 'Shield', 'normal'),
('Dragon Stone', 'dragon-stone', 24, 18, 'Sorceress Orb', 'normal'),
('Dream Spirit', 'dream-spirit', 85, 66, 'Druid Pelt', 'normal'),
('Dusk Shroud', 'dusk-shroud', 65, 49, 'Chest Armor', 'normal'),
('Eagle Orb', 'eagle-orb', 1, 0, 'Sorceress Orb', 'normal'),
('Earth Spirit', 'earth-spirit', 76, 57, 'Druid Pelt', 'normal'),
('Edge Bow', 'edge-bow', 30, 18, 'Bow', 'normal'),
('Elder Staff', 'elder-staff', 74, 55, 'Staff', 'normal'),
('Eldritch Orb', 'eldritch-orb', 67, 50, 'Sorceress Orb', 'normal'),
('Elegant Blade', 'elegant-blade', 63, 47, 'Sword', 'normal'),
('Embossed Plate', 'embossed-plate', 58, 25, 'Chest Armor', 'normal'),
('Espadon', 'espadon', 37, 25, 'Sword', 'normal'),
('Ettin Axe', 'ettin-axe', 70, 52, 'Axe', 'normal'),
('Executioner Sword', 'executioner-sword', 54, 25, 'Sword', 'normal'),
('Exploding Potion', 'exploding-potion', 16, 12, 'Throwing Potion', 'normal'),
('Falcata', 'falcata', 56, 42, 'Sword', 'normal'),
('Falchion', 'falchion', 11, 0, 'Sword', 'normal'),
('Falcon Mask', 'falcon-mask', 20, 15, 'Druid Pelt', 'normal'),
('Fanged Helm', 'fanged-helm', 8, 6, 'Barbarian Headgear', 'normal'),
('Fanged Knife', 'fanged-knife', 83, 62, 'Knife', 'normal'),
('Fascia', 'fascia', 36, 27, 'Assassin Katar', 'normal'),
('Feral Axe', 'feral-axe', 57, 42, 'Axe', 'normal'),
('Feral Claws', 'feral-claws', 78, 58, '2 Handed Assassin Katar', 'normal'),
('Fetish Trophy', 'fetish-trophy', 39, 29, 'Necromancer Head', 'normal'),
('Field Plate', 'field-plate', 28, 0, 'Chest Armor', 'normal'),
('Flail', 'flail', 19, 0, 'Mace', 'normal'),
('Flamberge', 'flamberge', 27, 0, 'Sword', 'normal'),
('Flanged Mace', 'flanged-mace', 35, 23, 'Mace', 'normal'),
('Flying Axe', 'flying-axe', 56, 42, 'Throwing Axe', 'normal'),
('Flying Knife', 'flying-knife', 64, 48, 'Throwing Knife', 'normal'),
('Francisca', 'francisca', 34, 22, 'Throwing Axe', 'normal'),
('Full Helm', 'full-helm', 15, 0, 'Helm', 'normal'),
('Full Plate Mail', 'full-plate-mail', 37, 0, 'Chest Armor', 'normal'),
('Fulminating Potion', 'fulminating-potion', 4, 0, 'Throwing Potion', 'normal'),
('Fury Visor', 'fury-visor', 66, 49, 'Barbarian Headgear', 'normal'),
('Fuscina', 'fuscina', 36, 24, 'Spear', 'normal'),
('Gargoyle Head', 'gargoyle-head', 20, 15, 'Necromancer Head', 'normal'),
('Gauntlets', 'gauntlets', 27, 0, 'Gloves', 'normal'),
('Ghost Armor', 'ghost-armor', 34, 22, 'Chest Armor', 'normal'),
('Ghost Glaive', 'ghost-glaive', 79, 59, 'Javelin', 'normal'),
('Ghost Spear', 'ghost-spear', 83, 62, 'Spear', 'normal'),
('Ghost Wand', 'ghost-wand', 65, 48, 'Wand', 'normal'),
('Giant Axe', 'giant-axe', 27, 0, 'Axe', 'normal'),
('Giant Conch', 'giant-conch', 54, 40, 'Helm', 'normal'),
('Giant Sword', 'giant-sword', 21, 0, 'Sword', 'normal'),
('Giant Thresher', 'giant-thresher', 85, 66, 'Polearm', 'normal'),
('Gidbinn', 'gidbinn', 0, 0, 'Knife', 'normal'),
('Girdle', 'girdle', 27, 0, 'Belt', 'normal'),
('Gladius', 'gladius', 30, 18, 'Sword', 'normal'),
('Glaive', 'glaive', 23, 0, 'Javelin', 'normal'),
('Glorious Axe', 'glorious-axe', 85, 66, 'Axe', 'normal'),
('Gloves', 'gloves', 3, 0, 'Gloves', 'normal'),
('Glowing Orb', 'glowing-orb', 32, 24, 'Sorceress Orb', 'normal'),
('Gnarled Staff', 'gnarled-staff', 12, 0, 'Staff', 'normal'),
('Gorgon Crossbow', 'gorgon-crossbow', 67, 50, 'Crossbow', 'normal'),
('Gothic Axe', 'gothic-axe', 46, 25, 'Axe', 'normal'),
('Gothic Bow', 'gothic-bow', 52, 25, 'Bow', 'normal'),
('Gothic Plate', 'gothic-plate', 32, 0, 'Chest Armor', 'normal'),
('Gothic Shield', 'gothic-shield', 30, 0, 'Shield', 'normal'),
('Gothic Staff', 'gothic-staff', 42, 25, 'Staff', 'normal'),
('Gothic Sword', 'gothic-sword', 48, 25, 'Sword', 'normal'),
('Grand Crown', 'grand-crown', 55, 25, 'Helm', 'normal'),
('Grand Matron Bow', 'grand-matron-bow', 78, 58, 'Amazon Bow', 'normal'),
('Grand Scepter', 'grand-scepter', 15, 0, 'Scepter', 'normal'),
('Grave Wand', 'grave-wand', 49, 25, 'Wand', 'normal'),
('Great Axe', 'great-axe', 23, 0, 'Axe', 'normal'),
('Great Bow', 'great-bow', 68, 51, 'Bow', 'normal'),
('Great Hauberk', 'great-hauberk', 75, 56, 'Chest Armor', 'normal'),
('Great Helm', 'great-helm', 23, 0, 'Helm', 'normal'),
('Great Maul', 'great-maul', 32, 0, 'Hammer', 'normal'),
('Great Pilum', 'great-pilum', 37, 25, 'Javelin', 'normal'),
('Great PoleAxe', 'great-poleaxe', 84, 63, 'Polearm', 'normal'),
('Great Sword', 'great-sword', 33, 0, 'Sword', 'normal'),
('Greater Claws', 'greater-claws', 45, 33, '2 Handed Assassin Katar', 'normal'),
('Greater Talons', 'greater-talons', 50, 37, '2 Handed Assassin Katar', 'normal'),
('Griffon Headress', 'griffon-headress', 40, 30, 'Druid Pelt', 'normal'),
('Grim Helm', 'grim-helm', 50, 25, 'Helm', 'normal'),
('Grim Scythe', 'grim-scythe', 55, 25, 'Polearm', 'normal'),
('Grim Shield', 'grim-shield', 48, 25, 'Shield', 'normal'),
('Grim Wand', 'grim-wand', 26, 0, 'Wand', 'normal'),
('Guardian Crown', 'guardian-crown', 85, 65, 'Barbarian Headgear', 'normal'),
('Guilded Shield', 'guilded-shield', 51, 38, 'Paladin Shield', 'normal'),
('Halberd', 'halberd', 29, 0, 'Polearm', 'normal'),
('Hand Axe', 'hand-axe', 3, 0, 'Axe', 'normal'),
('Hand Scythe', 'hand-scythe', 41, 30, '2 Handed Assassin Katar', 'normal'),
('Hard Leather Armor', 'hard-leather-armor', 5, 0, 'Chest Armor', 'normal'),
('Harpoon', 'harpoon', 51, 25, 'Javelin', 'normal'),
('Hatchet', 'hatchet', 31, 19, 'Axe', 'normal'),
('Hatchet Hands', 'hatchet-hands', 12, 0, 'Assassin Katar', 'normal'),
('Hawk Helm', 'hawk-helm', 8, 6, 'Druid Pelt', 'normal'),
('Heater', 'heater', 58, 43, 'Shield', 'normal'),
('Heavenly Stone', 'heavenly-stone', 59, 44, 'Sorceress Orb', 'normal'),
('Heavy Belt', 'heavy-belt', 20, 0, 'Belt', 'normal'),
('Heavy Boots', 'heavy-boots', 7, 0, 'Boots', 'normal'),
('Heavy Bracers', 'heavy-bracers', 43, 25, 'Gloves', 'normal'),
('Heavy Crossbow', 'heavy-crossbow', 24, 0, 'Crossbow', 'normal'),
('Heavy Gloves', 'heavy-gloves', 7, 0, 'Gloves', 'normal'),
('Heirophant Trophy', 'heirophant-trophy', 54, 40, 'Necromancer Head', 'normal'),
('Hellforged Plate', 'hellforged-plate', 78, 59, 'Chest Armor', 'normal'),
('Hellspawn Skull', 'hellspawn-skull', 67, 50, 'Necromancer Head', 'normal'),
('Helm', 'Helm', 11, 0, 'Helm', 'normal'),
('Heraldic Shield', 'heraldic-shield', 16, 12, 'Paladin Shield', 'normal'),
('Highland Blade', 'highland-blade', 66, 49, 'Sword', 'normal'),
('Holy Water Sprinkler', 'holy-water-sprinkler', 40, 25, 'Scepter', 'normal'),
('Horadric Malus', 'horadric-malus', 0, 0, 'Hammer', 'normal'),
('Horadric Staff', 'horadric-staff', 0, 0, 'Staff', 'normal'),
('Horned Helm', 'horned-helm', 16, 12, 'Barbarian Headgear', 'normal'),
('Hunter''s Bow', 'hunters-bow', 5, 0, 'Bow', 'normal'),
('Hunter''s Guise', 'hunters-guise', 46, 29, 'Druid Pelt', 'normal'),
('Hurlbat', 'hurlbat', 41, 25, 'Throwing Axe', 'normal'),
('Hydra Bow', 'hydra-bow', 85, 63, 'Bow', 'normal'),
('Hydra Edge', 'hydra-edge', 69, 51, 'Sword', 'normal'),
('Hydraskull', 'hydraskull', 63, 47, 'Helm', 'normal'),
('Hyperion', 'hyperion', 64, 48, 'Shield', 'normal'),
('Hyperion Javelin', 'hyperion-javelin', 54, 40, 'Javelin', 'normal'),
('Hyperion Spear', 'hyperion-spear', 58, 43, 'Spear', 'normal'),
('Jagged Star', 'jagged-star', 39, 25, 'Mace', 'normal'),
('Javelin', 'javelin', 1, 0, 'Javelin', 'normal'),
('Jawbone Cap', 'jawbone-cap', 4, 3, 'Barbarian Headgear', 'normal'),
('Jawbone Visor', 'jawbone-visor', 33, 25, 'Barbarian Headgear', 'normal'),
('Jo Staff', 'jo-staff', 30, 18, 'Staff', 'normal'),
('Katar', 'katar', 1, 0, 'Assassin Katar', 'normal'),
('KhalimFlail', 'khalimflail', 0, 0, 'Mace', 'normal'),
('Kite Shield', 'kite-shield', 15, 0, 'Shield', 'normal'),
('Knout', 'knout', 43, 25, 'Mace', 'normal'),
('Kraken Shell', 'kraken-shell', 81, 61, 'Chest Armor', 'normal'),
('Kris', 'kris', 17, 0, 'Knife', 'normal'),
('Lacquered Plate', 'lacquered-plate', 82, 62, 'Chest Armor', 'normal'),
('Lance', 'lance', 47, 25, 'Spear', 'normal'),
('Large Axe', 'large-axe', 6, 0, 'Axe', 'normal'),
('Large Shield', 'large-shield', 11, 0, 'Shield', 'normal'),
('Leather Armor', 'leather-armor', 3, 0, 'Chest Armor', 'normal'),
('Leather Boots', 'leather-boots', 3, 0, 'Boots', 'normal'),
('Legend Spike', 'legend-spike', 85, 66, 'Knife', 'normal'),
('Legend Sword', 'legend-sword', 59, 44, 'Sword', 'normal'),
('Legendary Mallet', 'legendary-mallet', 82, 61, 'Hammer', 'normal'),
('Lich Wand', 'lich-wand', 75, 56, 'Wand', 'normal'),
('Light Belt', 'light-belt', 7, 0, 'Belt', 'normal'),
('Light Crossbow', 'light-crossbow', 6, 0, 'Crossbow', 'normal'),
('Light Gauntlets', 'light-gauntlets', 20, 0, 'Gloves', 'normal'),
('Light Plate', 'light-plate', 35, 0, 'Chest Armor', 'normal'),
('Light Plate Boots', 'light-plate-boots', 20, 0, 'Boots', 'normal'),
('Linked Mail', 'linked-mail', 42, 25, 'Chest Armor', 'normal'),
('Lion Helm', 'lion-helm', 38, 29, 'Barbarian Headgear', 'normal'),
('Lochaber Axe', 'lochaber-axe', 33, 21, 'Polearm', 'normal'),
('Long Battle Bow', 'long-battle-bow', 23, 0, 'Bow', 'normal'),
('Long Bow', 'long-bow', 8, 0, 'Bow', 'normal'),
('Long Siege Bow', 'long-siege-bow', 46, 25, 'Bow', 'normal'),
('Long Staff', 'long-staff', 8, 0, 'Staff', 'normal'),
('Long Sword ', 'long-sword-', 20, 0, 'Sword', 'normal'),
('Long War Bow', 'long-war-bow', 31, 0, 'Bow', 'normal'),
('Loricated Mail', 'loricated-mail', 73, 55, 'Chest Armor', 'normal'),
('Luna', 'luna', 61, 45, 'Shield', 'normal'),
('Mace', 'mace', 8, 0, 'Mace', 'normal'),
('Mage Plate', 'mage-plate', 60, 25, 'Chest Armor', 'normal'),
('Maiden Javelin', 'maiden-javelin', 23, 17, 'Amazon Javelin', 'normal'),
('Maiden Pike', 'maiden-pike', 27, 20, 'Amazon Spear', 'normal'),
('Maiden Spear', 'maiden-spear', 18, 14, 'Amazon Spear', 'normal'),
('Mancatcher', 'mancatcher', 74, 55, 'Spear', 'normal'),
('Martel de Fer', 'martel-de-fer', 53, 25, 'Hammer', 'normal'),
('Mask', 'mask', 19, 0, 'Helm', 'normal'),
('Matriarchal Bow', 'matriarchal-bow', 53, 39, 'Amazon Bow', 'normal'),
('Matriarchal Javelin', 'matriarchal-javelin', 65, 48, 'Amazon Javelin', 'normal'),
('Matriarchal Pike', 'matriarchal-pike', 81, 60, 'Amazon Spear', 'normal'),
('Matriarchal Spear', 'matriarchal-spear', 61, 45, 'Amazon Spear', 'normal'),
('Maul', 'maul', 21, 0, 'Hammer', 'normal'),
('Mesh Armor', 'mesh-armor', 45, 25, 'Chest Armor', 'normal'),
('Mesh Belt', 'mesh-belt', 43, 25, 'Belt', 'normal'),
('Mesh Boots', 'mesh-boots', 43, 25, 'Boots', 'normal'),
('Mighty Scepter', 'mighty-scepter', 62, 46, 'Scepter', 'normal'),
('Military Axe', 'military-axe', 34, 22, 'Axe', 'normal'),
('Military Pick', 'military-pick', 19, 0, 'Axe', 'normal'),
('Minion Skull', 'minion-skull', 59, 44, 'Necromancer Head', 'normal'),
('Mirrored Boots', 'mirrored-boots', 81, 60, 'Boots', 'normal'),
('Mithral Point', 'mithral-point', 70, 52, 'Knife', 'normal'),
('Mithril Coil', 'mithril-coil', 75, 56, 'Belt', 'normal'),
('Monarch', 'monarch', 72, 54, 'Shield', 'normal'),
('Morning Star', 'morning-star', 13, 0, 'Mace', 'normal'),
('Mummified Trophy', 'mummified-trophy', 33, 24, 'Necromancer Head', 'normal'),
('Myrmidon Greaves', 'myrmidon-greaves', 85, 65, 'Boots', 'normal'),
('Mythical Sword', 'mythical-sword', 85, 66, 'Sword', 'normal'),
('Naga', 'naga', 48, 25, 'Axe', 'normal'),
('Ogre Axe', 'ogre-axe', 60, 45, 'Polearm', 'normal'),
('Ogre Gauntlets', 'ogre-gauntlets', 85, 64, 'Gloves', 'normal'),
('Ogre Maul', 'ogre-maul', 69, 51, 'Hammer', 'normal'),
('Oil Potion', 'oil-potion', 28, 20, 'Throwing Potion', 'normal'),
('Ornate Armor', 'ornate-armor', 64, 25, 'Chest Armor', 'normal'),
('Overseer Skull', 'overseer-skull', 66, 49, 'Necromancer Head', 'normal'),
('Partizan', 'partizan', 35, 23, 'Polearm', 'normal'),
('Pavise', 'pavise', 50, 25, 'Shield', 'normal'),
('Pellet Bow', 'pellet-bow', 57, 42, 'Crossbow', 'normal'),
('Petrified Wand', 'petrified-wand', 38, 25, 'Wand', 'normal'),
('Phase Blade', 'phase-blade', 73, 54, 'Sword', 'normal'),
('Pike', 'pike', 24, 0, 'Spear', 'normal'),
('Pilum', 'pilum', 10, 0, 'Javelin', 'normal'),
('Plate Boots', 'plate-boots', 27, 0, 'Boots', 'normal'),
('Plate Mail', 'plate-mail', 24, 0, 'Chest Armor', 'normal'),
('Poignard', 'poignard', 31, 19, 'Knife', 'normal'),
('PoleAxe', 'poleaxe', 21, 0, 'Polearm', 'normal'),
('Polished Wand', 'polished-wand', 55, 41, 'Wand', 'normal'),
('Preserved Head', 'preserved-head', 4, 3, 'Necromancer Head', 'normal'),
('Protector Shield', 'protector-shield', 46, 34, 'Paladin Shield', 'normal'),
('Quarterstaff', 'quarterstaff', 35, 23, 'Staff', 'normal'),
('Quhab', 'quhab', 28, 21, 'Assassin Katar', 'normal'),
('Quilted Armor', 'quilted-armor', 1, 0, 'Chest Armor', 'normal'),
('Rage Mask', 'rage-mask', 44, 29, 'Barbarian Headgear', 'normal'),
('Rancid Gas Potion', 'rancid-gas-potion', 32, 24, 'Throwing Potion', 'normal'),
('Razor Bow', 'razor-bow', 33, 21, 'Bow', 'normal'),
('Reflex Bow', 'reflex-bow', 27, 20, 'Amazon Bow', 'normal'),
('Reinforced Mace', 'reinforced-mace', 63, 47, 'Mace', 'normal'),
('Repeating Crossbow', 'repeating-crossbow', 33, 0, 'Crossbow', 'normal'),
('Ring', 'ring', NULL, NULL, 'Jewelry', 'normal'),
('Ring Mail', 'ring-mail', 11, 0, 'Chest Armor', 'normal'),
('Rondache', 'rondache', 8, 6, 'Paladin Shield', 'normal'),
('Rondel', 'rondel', 36, 24, 'Knife', 'normal'),
('Round Shield', 'round-shield', 37, 25, 'Shield', 'normal'),
('Royal Shield', 'royal-shield', 55, 41, 'Paladin Shield', 'normal'),
('Rune Bow', 'rune-bow', 49, 25, 'Bow', 'normal'),
('Rune Scepter', 'rune-scepter', 31, 19, 'Scepter', 'normal'),
('Rune Staff', 'rune-staff', 47, 25, 'Staff', 'normal'),
('Rune Sword', 'rune-sword', 44, 25, 'Sword', 'normal'),
('Runic Talons', 'runic-talons', 81, 60, '2 Handed Assassin Katar', 'normal'),
('Russet Armor', 'russet-armor', 49, 25, 'Chest Armor', 'normal'),
('Saber', 'saber', 8, 0, 'Sword', 'normal'),
('Sacred Armor', 'sacred-armor', 85, 66, 'Chest Armor', 'normal'),
('Sacred Feathers', 'sacred-feathers', 50, 32, 'Druid Pelt', 'normal'),
('Sacred Globe', 'sacred-globe', 8, 0, 'Sorceress Orb', 'normal'),
('Sacred Rondache', 'sacred-rondache', 70, 52, 'Paladin Shield', 'normal'),
('Sacred Targe', 'sacred-targe', 63, 47, 'Paladin Shield', 'normal'),
('Sallet', 'sallet', 37, 25, 'Helm', 'normal'),
('Sash', 'sash', 3, 0, 'Belt', 'normal'),
('Savage Helmet', 'savage-helmet', 49, 32, 'Barbarian Headgear', 'normal'),
('Scale Mail', 'scale-mail', 13, 0, 'Chest Armor', 'normal'),
('Scarab Husk', 'scarab-husk', 68, 51, 'Chest Armor', 'normal'),
('Scarabshell Boots', 'scarabshell-boots', 66, 49, 'Boots', 'normal'),
('Scepter', 'scepter', 3, 0, 'Scepter', 'normal'),
('Scimitar', 'scimitar', 5, 0, 'Sword', 'normal'),
('Scissors Katar', 'scissors-katar', 24, 0, 'Assassin Katar', 'normal'),
('Scissors Quhab', 'scissors-quhab', 54, 40, '2 Handed Assassin Katar', 'normal'),
('Scissors Suwayyah', 'scissors-suwayyah', 85, 64, '2 Handed Assassin Katar', 'normal'),
('Scourge', 'scourge', 76, 57, 'Mace', 'normal'),
('Scutum', 'scutum', 42, 25, 'Shield', 'normal'),
('Scythe', 'scythe', 15, 0, 'Polearm', 'normal'),
('Seraph Rod', 'seraph-rod', 76, 57, 'Scepter', 'normal'),
('Serpentskin Armor', 'serpentskin-armor', 36, 24, 'Chest Armor', 'normal'),
('Sexton Trophy', 'sexton-trophy', 45, 33, 'Necromancer Head', 'normal'),
('Shadow Bow', 'shadow-bow', 63, 47, 'Bow', 'normal'),
('Shadow Plate', 'shadow-plate', 83, 64, 'Chest Armor', 'normal'),
('Shako', 'shako', 58, 43, 'Helm', 'normal'),
('Shamshir', 'shamshir', 35, 23, 'Sword', 'normal'),
('Sharkskin Belt', 'sharkskin-belt', 39, 25, 'Belt', 'normal'),
('Sharkskin Boots', 'sharkskin-boots', 39, 25, 'Boots', 'normal'),
('Sharkskin Gloves', 'sharkskin-gloves', 39, 25, 'Gloves', 'normal'),
('Sharktooth Armor', 'sharktooth-armor', 55, 25, 'Chest Armor', 'normal'),
('Shillelah', 'shillelah', 83, 62, 'Staff', 'normal'),
('Short Battle Bow', 'short-battle-bow', 18, 0, 'Bow', 'normal'),
('Short Bow', 'short-bow', 1, 0, 'Bow', 'normal'),
('Short Siege Bow', 'short-siege-bow', 43, 25, 'Bow', 'normal'),
('Short Spear', 'short-spear', 15, 0, 'Javelin', 'normal'),
('Short Staff', 'short-staff', 1, 0, 'Staff', 'normal'),
('Short Sword', 'short-sword', 1, 0, 'Sword', 'normal'),
('Short War Bow', 'short-war-bow', 27, 0, 'Bow', 'normal'),
('Siege Crossbow', 'siege-crossbow', 40, 25, 'Crossbow', 'normal'),
('Silver Edged Axe', 'silver-edged-axe', 65, 48, 'Axe', 'normal'),
('Simbilan', 'simbilan', 40, 25, 'Javelin', 'normal'),
('Skull Cap', 'skull-cap', 5, 0, 'Helm', 'normal'),
('Sky Spirit', 'sky-spirit', 83, 62, 'Druid Pelt', 'normal'),
('Slayer Guard', 'slayer-guard', 54, 40, 'Barbarian Headgear', 'normal'),
('Small Crescent', 'small-crescent', 61, 45, 'Axe', 'normal'),
('Small Shield', 'small-shield', 5, 0, 'Shield', 'normal'),
('Smoked Sphere', 'smoked-sphere', 12, 8, 'Sorceress Orb', 'normal'),
('Sparkling Ball', 'sparkling-ball', 46, 34, 'Sorceress Orb', 'normal'),
('Spear', 'spear', 5, 0, 'Spear', 'normal'),
('Spetum', 'spetum', 20, 0, 'Spear', 'normal'),
('Spiculum', 'spiculum', 46, 25, 'Javelin', 'normal'),
('Spider Bow', 'spider-bow', 55, 41, 'Bow', 'normal'),
('Spiderweb Sash', 'spiderweb-sash', 61, 46, 'Belt', 'normal'),
('Spiked Club', 'spiked-club', 4, 0, 'Club', 'normal'),
('Spiked Shield', 'spiked-shield', 11, 0, 'Shield', 'normal'),
('Spired Helm', 'spired-helm', 79, 59, 'Helm', 'normal'),
('Spirit Mask', 'spirit-mask', 24, 18, 'Druid Pelt', 'normal'),
('Splint Mail', 'splint-mail', 20, 0, 'Chest Armor', 'normal'),
('Stag Bow', 'stag-bow', 18, 14, 'Amazon Bow', 'normal'),
('Stalagmite', 'stalagmite', 66, 49, 'Staff', 'normal'),
('Stilleto', 'stilleto', 46, 25, 'Knife', 'normal'),
('Strangling Gas Potion', 'strangling-gas-potion', 8, 6, 'Throwing Potion', 'normal'),
('Studded Leather ', 'studded-leather-', 8, 0, 'Chest Armor', 'normal'),
('Stygian Pike', 'stygian-pike', 66, 49, 'Spear', 'normal'),
('Stygian Pilum', 'stygian-pilum', 62, 46, 'Javelin', 'normal'),
('Succubae Skull', 'succubae-skull', 81, 60, 'Necromancer Head', 'normal'),
('Sun Spirit', 'sun-spirit', 69, 51, 'Druid Pelt', 'normal'),
('SuperKhalimFlail', 'superkhalimflail', 0, 0, 'Mace', 'normal'),
('Suwayyah', 'suwayyah', 59, 44, '2 Handed Assassin Katar', 'normal'),
('Swirling Crystal', 'swirling-crystal', 50, 37, 'Sorceress Orb', 'normal'),
('Tabar', 'tabar', 42, 25, 'Axe', 'normal'),
('Targe', 'targe', 4, 3, 'Paladin Shield', 'normal'),
('Templar Coat', 'templar-coat', 52, 25, 'Chest Armor', 'normal'),
('Thresher', 'thresher', 71, 53, 'Polearm', 'normal'),
('Throwing Axe', 'throwing-axe', 7, 0, 'Throwing Axe', 'normal'),
('Throwing Knife', 'throwing-knife', 2, 0, 'Throwing Knife', 'normal'),
('Throwing Spear', 'throwing-spear', 29, 0, 'Javelin', 'normal'),
('Thunder Maul', 'thunder-maul', 85, 65, 'Hammer', 'normal'),
('Tiara', 'tiara', 70, 52, 'Circlet', 'normal'),
('Tigulated Mail', 'tigulated-mail', 43, 25, 'Chest Armor', 'normal'),
('Tomahawk', 'tomahawk', 54, 40, 'Axe', 'normal'),
('Tomb Wand', 'tomb-wand', 43, 25, 'Wand', 'normal'),
('Totemic Mask', 'totemic-mask', 55, 41, 'Druid Pelt', 'normal'),
('Tower Shield', 'tower-shield', 22, 0, 'Shield', 'normal'),
('Trellised Armor', 'trellised-armor', 40, 25, 'Chest Armor', 'normal'),
('Trident', 'trident', 9, 0, 'Spear', 'normal'),
('Troll Belt', 'troll-belt', 82, 62, 'Belt', 'normal'),
('Troll Nest', 'troll-nest', 76, 57, 'Shield', 'normal'),
('Truncheon', 'truncheon', 52, 39, 'Club', 'normal'),
('Tulwar', 'tulwar', 37, 25, 'Sword', 'normal'),
('Tusk Sword', 'tusk-sword', 45, 25, 'Sword', 'normal'),
('Twin Axe', 'twin-axe', 39, 25, 'Axe', 'normal'),
('Two-Handed Sword', 'two-handed-sword', 10, 0, 'Sword', 'normal'),
('Tyrant Club', 'tyrant-club', 57, 42, 'Club', 'normal'),
('Unearthed Wand', 'unearthed-wand', 86, 64, 'Wand', 'normal'),
('Unraveller Head', 'unraveller-head', 16, 12, 'Necromancer Head', 'normal'),
('Vambraces', 'vambraces', 69, 51, 'Gloves', 'normal'),
('Vampirebone Gloves', 'vampirebone-gloves', 63, 47, 'Gloves', 'normal'),
('Vampirefang Belt', 'vampirefang-belt', 68, 51, 'Belt', 'normal'),
('Vortex Orb', 'vortex-orb', 84, 63, 'Sorceress Orb', 'normal'),
('Vortex Shield', 'vortex-shield', 85, 66, 'Paladin Shield', 'normal'),
('Voulge', 'voulge', 11, 0, 'Polearm', 'normal'),
('Walking Stick', 'walking-stick', 58, 43, 'Staff', 'normal'),
('Wand', 'wand', 2, 0, 'Wand', 'normal'),
('War Axe', 'war-axe', 25, 0, 'Axe', 'normal'),
('War Belt', 'war-belt', 54, 25, 'Belt', 'normal'),
('War Boots', 'war-boots', 54, 25, 'Boots', 'normal'),
('War Club', 'war-club', 45, 25, 'Hammer', 'normal'),
('War Dart', 'war-dart', 39, 25, 'Throwing Knife', 'normal'),
('War Fist', 'war-fist', 68, 51, '2 Handed Assassin Katar', 'normal'),
('War Fork', 'war-fork', 41, 25, 'Spear', 'normal'),
('War Gauntlets', 'war-gauntlets', 54, 25, 'Gloves', 'normal'),
('War Hammer', 'war-hammer', 25, 0, 'Hammer', 'normal'),
('War Hat', 'war-hat', 34, 22, 'Helm', 'normal'),
('War Javelin', 'war-javelin', 30, 18, 'Javelin', 'normal'),
('War Pike', 'war-pike', 85, 66, 'Spear', 'normal'),
('War Scepter', 'war-scepter', 21, 0, 'Scepter', 'normal'),
('War Scythe', 'war-scythe', 34, 0, 'Polearm', 'normal'),
('War Spear', 'war-spear', 33, 21, 'Spear', 'normal'),
('War Spike', 'war-spike', 79, 59, 'Axe', 'normal'),
('War Staff', 'war-staff', 24, 0, 'Staff', 'normal'),
('War Sword', 'war-sword', 27, 0, 'Sword', 'normal'),
('Ward', 'ward', 84, 63, 'Shield', 'normal'),
('Ward Bow', 'ward-bow', 80, 60, 'Bow', 'normal'),
('Winged Axe', 'winged-axe', 80, 60, 'Throwing Axe', 'normal'),
('Winged Harpoon', 'winged-harpoon', 85, 65, 'Javelin', 'normal'),
('Winged Helm', 'winged-helm', 51, 25, 'Helm', 'normal'),
('Winged Knife', 'winged-knife', 77, 57, 'Throwing Knife', 'normal'),
('Wire Fleece', 'wire-fleece', 70, 53, 'Chest Armor', 'normal'),
('Wirt''s Leg', 'wirts-leg', 0, 0, 'Club', 'normal'),
('Wolf Head', 'wolf-head', 4, 3, 'Druid Pelt', 'normal'),
('Wrist Blade', 'wrist-blade', 9, 0, 'Assassin Katar', 'normal'),
('Wrist Spike', 'wrist-spike', 32, 24, 'Assassin Katar', 'normal'),
('Wrist Sword', 'wrist-sword', 62, 46, '2 Handed Assassin Katar', 'normal'),
('Wyrmhide', 'wyrmhide', 67, 50, 'Chest Armor', 'normal'),
('Wyrmhide Boots', 'wyrmhide-boots', 60, 45, 'Boots', 'normal'),
('Yari', 'yari', 44, 25, 'Spear', 'normal'),
('Yew Wand', 'yew-wand', 12, 0, 'Wand', 'normal'),
('Zakarum Shield', 'zakarum-shield', 82, 61, 'Paladin Shield', 'normal'),
('Zombie Head', 'zombie-head', 8, 6, 'Necromancer Head', 'normal'),
('Zweihander', 'zweihander', 49, 25, 'Sword', 'normal');

-- --------------------------------------------------------

--
-- Table structure for table `loot_flags`
--

CREATE TABLE IF NOT EXISTS `loot_flags` (
  `loot` varchar(64) NOT NULL,
  `flag` varchar(32) NOT NULL,
  `value` tinyint(1) NOT NULL DEFAULT '1',
  KEY `loot` (`loot`)
) ENGINE=InnoDB DEFAULT CHARSET=utf8;

--
-- Dumping data for table `loot_flags`
--


-- --------------------------------------------------------

--
-- Table structure for table `loot_magic`
--

CREATE TABLE IF NOT EXISTS `loot_magic` (
  `name` varchar(64) NOT NULL,
  `urlname` varchar(64) NOT NULL,
  `class` varchar(64) NOT NULL,
  `level` int(11) DEFAULT NULL,
  `levelreq` int(11) DEFAULT NULL,
  `rarity` varchar(32) DEFAULT NULL,
  PRIMARY KEY (`name`),
  KEY `class` (`class`)
) ENGINE=InnoDB DEFAULT CHARSET=utf8;

--
-- Dumping data for table `loot_magic`
--

INSERT INTO `loot_magic` (`name`, `urlname`, `class`, `level`, `levelreq`, `rarity`) VALUES
('Alma Negra', 'alma-negra', 'Sacred Rondache', 85, 77, 'unique'),
('Amulet of the Viper', 'amulet-of-the-viper', 'Amulet', 0, 0, 'unique'),
('Andariel''s Visage', 'andariels-visage', 'Demonhead', 85, 83, 'unique'),
('Annihilus', 'annihilus', 'Charm', 110, 70, 'unique'),
('Arachnid Mesh', 'arachnid-mesh', 'Spiderweb Sash', 87, 80, 'unique'),
('Arioc''s Needle', 'ariocs-needle', 'Hyperion Spear', 85, 81, 'unique'),
('Arkaine''s Valor', 'arkaines-valor', 'Balrog Skin', 85, 85, 'unique'),
('Arm of King Leoric', 'arm-of-king-leoric', 'Tomb Wand', 44, 36, 'unique'),
('Arreat''s Face', 'arreats-face', 'Slayer Guard', 50, 42, 'unique'),
('Athena''s Wrath', 'athenas-wrath', 'Battle Scythe', 50, 42, 'unique'),
('Atma''s Scarab', 'atmas-scarab', 'Amulet', 60, 60, 'unique'),
('Atma''s Wail', 'atmas-wail', 'Embossed Plate', 59, 51, 'unique'),
('Azurewrath', 'azurewrath', 'Phase Blade', 87, 85, 'unique'),
('Baezil''s Vortex', 'baezils-vortex', 'Knout', 53, 45, 'unique'),
('Bane Ash', 'bane-ash', 'Short Staff', 7, 5, 'unique'),
('Baranar''s Star', 'baranars-star', 'Devil Star', 70, 65, 'unique'),
('Bing Sz Wang', 'bing-sz-wang', 'Dacian Falx', 51, 43, 'unique'),
('Black Hades', 'black-hades', 'Chaos Armor', 61, 53, 'unique'),
('Blackbog''s Sharp', 'blackbogs-sharp', 'Cinquedeas', 46, 38, 'unique'),
('Blackhand Key', 'blackhand-key', 'Grave Wand', 49, 41, 'unique'),
('Blackhorn''s Face', 'blackhorns-face', 'Death Mask', 49, 41, 'unique'),
('Blackleach Blade', 'blackleach-blade', 'Bill', 50, 42, 'unique'),
('Blackoak Shield', 'blackoak-shield', 'Luna', 67, 61, 'unique'),
('Blacktongue', 'blacktongue', 'Bastard Sword', 35, 26, 'unique'),
('Blade of Ali Baba', 'blade-of-ali-baba', 'Tulwar', 43, 35, 'unique'),
('Bladebone', 'bladebone', 'Double Axe', 20, 15, 'unique'),
('Bladebuckle', 'bladebuckle', 'Girdle', 39, 29, 'unique'),
('Blastbark', 'blastbark', 'Long War Bow', 38, 28, 'unique'),
('Blinkbats Form', 'blinkbats-form', 'Leather Armor', 16, 12, 'unique'),
('Blood Crescent', 'blood-crescent', 'Scimitar', 10, 7, 'unique'),
('Bloodfist', 'bloodfist', 'Heavy Gloves', 12, 9, 'unique'),
('Bloodletter', 'bloodletter', 'Gladius', 38, 30, 'unique'),
('Bloodmoon', 'bloodmoon', 'Elegant Blade', 69, 61, 'unique'),
('Bloodraven''s Charge', 'bloodravens-charge', 'Matriarchal Bow', 79, 71, 'unique'),
('Bloodrise', 'bloodrise', 'Morning Star', 20, 15, 'unique'),
('Bloodthief', 'bloodthief', 'Brandistock', 23, 17, 'unique'),
('Bloodtree Stump', 'bloodtree-stump', 'War Club', 56, 48, 'unique'),
('Boneflame', 'boneflame', 'Succubae Skull', 80, 72, 'unique'),
('Boneflesh', 'boneflesh', 'Plate Mail', 35, 26, 'unique'),
('Bonehew', 'bonehew', 'Ogre Axe', 72, 64, 'unique'),
('Boneshade', 'boneshade', 'Lich Wand', 84, 79, 'unique'),
('Boneslayer Blade', 'boneslayer-blade', 'Gothic Axe', 50, 42, 'unique'),
('Bonesob', 'bonesob', 'Maul', 32, 24, 'unique'),
('Brainhew', 'brainhew', 'Great Axe', 34, 25, 'unique'),
('Bul Katho''s Wedding Band', 'bul-kathos-wedding-band', 'Ring', 66, 58, 'unique'),
('Buriza-Do Kyanon', 'buriza-do-kyanon', 'Balista', 59, 41, 'unique'),
('Butcher''s Pupil', 'butchers-pupil', 'Cleaver', 47, 39, 'unique'),
('Bverrit Keep', 'bverrit-keep', 'Tower Shield', 26, 19, 'unique'),
('Carin Shard', 'carin-shard', 'Petrified Wand', 43, 35, 'unique'),
('Carrion Wind', 'carrion-wind', 'Ring', 68, 60, 'unique'),
('Cerebus', 'cerebus', 'Blood Spirit', 71, 63, 'unique'),
('Chance Guards', 'chance-guards', 'Bracers', 20, 15, 'unique'),
('Chromatic Ire', 'chromatic-ire', 'Cedar Staff', 43, 35, 'unique'),
('Cliffkiller', 'cliffkiller', 'Long Siege Bow', 49, 41, 'unique'),
('Cloudcrack', 'cloudcrack', 'Gothic Sword', 53, 45, 'unique'),
('Coif of Glory', 'coif-of-glory', 'Helm', 19, 14, 'unique'),
('Coldkill', 'coldkill', 'Hatchet', 44, 36, 'unique'),
('Coldsteel Eye', 'coldsteel-eye', 'Cutlass', 39, 31, 'unique'),
('Constricting Ring', 'constricting-ring', 'Ring', 95, 95, 'unique'),
('Corpsemourn', 'corpsemourn', 'Ornate Armor', 63, 55, 'unique'),
('Crainte Vomir', 'crainte-vomir', 'Espadon', 50, 42, 'unique'),
('Cranebeak', 'cranebeak', 'War Spike', 71, 63, 'unique'),
('Crescent Moon', 'crescent-moon', 'Amulet', 58, 50, 'unique'),
('Crow Caw', 'crow-caw', 'Tigulated Mail', 45, 37, 'unique'),
('Crown of Ages', 'crown-of-ages', 'Corona', 86, 82, 'unique'),
('Crown of Thieves', 'crown-of-thieves', 'Grand Crown', 57, 49, 'unique'),
('Crushflange', 'crushflange', 'Mace', 12, 9, 'unique'),
('Culwens Point', 'culwens-point', 'War Sword', 39, 29, 'unique'),
('Cutthroat', 'cutthroat', 'Runic Talons', 50, 42, 'unique'),
('Dark Clan Crusher', 'dark-clan-crusher', 'Cudgel', 42, 34, 'unique'),
('Darkforge Spawn', 'darkforge-spawn', 'Bloodlord Skull', 72, 64, 'unique'),
('Darkglow', 'darkglow', 'Ring Mail', 19, 14, 'unique'),
('Darksight Helm', 'darksight-helm', 'Basinet', 46, 38, 'unique'),
('Deathbit', 'deathbit', 'Battle Dart', 52, 44, 'unique'),
('Deathcleaver', 'deathcleaver', 'Berserker Axe', 78, 70, 'unique'),
('Deaths''s Web', 'deathss-web', 'Unearthed Wand', 74, 66, 'unique'),
('Deathspade', 'deathspade', 'Axe', 12, 9, 'unique'),
('Demon Machine', 'demon-machine', 'Chu-Ko-Nu', 57, 49, 'unique'),
('Demon''s Arch', 'demons-arch', 'Balrog Spear', 76, 68, 'unique'),
('Demonhorn''s Edge', 'demonhorns-edge', 'Destroyer Helm', 69, 61, 'unique'),
('Demonlimb', 'demonlimb', 'Tyrant Club', 71, 63, 'unique'),
('Dimoaks Hew', 'dimoaks-hew', 'Bardiche', 11, 8, 'unique'),
('Djinnslayer', 'djinnslayer', 'Ataghan', 73, 65, 'unique'),
('Doombringer', 'doombringer', 'Champion Sword', 75, 69, 'unique'),
('Doomspittle', 'doomspittle', 'Repeating Crossbow', 38, 28, 'unique'),
('Dracul''s Grasp', 'draculs-grasp', 'Vampirebone Gloves', 84, 76, 'unique'),
('Dragonscale', 'dragonscale', 'Zakarum Shield', 84, 80, 'unique'),
('Duriel''s Shell', 'duriels-shell', 'Cuirass', 49, 41, 'unique'),
('Duskdeep', 'duskdeep', 'Full Helm', 23, 17, 'unique'),
('Dwarf Star', 'dwarf-star', 'Ring', 53, 45, 'unique'),
('Eaglehorn', 'eaglehorn', 'Crusader Bow', 77, 69, 'unique'),
('Earthshaker', 'earthshaker', 'Battle Hammer', 51, 43, 'unique'),
('Earthshifter', 'earthshifter', 'Thunder Maul', 77, 69, 'unique'),
('Endlesshail', 'endlesshail', 'Double Bow', 44, 36, 'unique'),
('Eschuta''s temper', 'eschutas-temper', 'Eldritch Orb', 80, 72, 'unique'),
('Ethereal Edge', 'ethereal-edge', 'Silver Edged Axe', 82, 74, 'unique'),
('Executioner''s Justice', 'executioners-justice', 'Glorious Axe', 83, 75, 'unique'),
('Fathom', 'fathom', 'Dimensional Shard', 81, 73, 'unique'),
('Fechmars Axe', 'fechmars-axe', 'Large Axe', 11, 8, 'unique'),
('Felloak', 'felloak', 'Club', 4, 3, 'unique'),
('Firelizard''s Talons', 'firelizards-talons', 'Feral Claws', 75, 67, 'unique'),
('Flamebellow', 'flamebellow', 'Balrog Blade', 79, 71, 'unique'),
('Fleshrender', 'fleshrender', 'Barbed Club', 46, 38, 'unique'),
('Fleshripper', 'fleshripper', 'Fanged Knife', 76, 68, 'unique'),
('Frostburn', 'frostburn', 'Gauntlets', 39, 29, 'unique'),
('Frostwind', 'frostwind', 'Cryptic Sword', 78, 70, 'unique'),
('Gargoyle''s Bite', 'gargoyles-bite', 'Winged Harpoon', 78, 70, 'unique'),
('Gheed''s Fortune', 'gheeds-fortune', 'Charm', 70, 62, 'unique'),
('Ghostflame', 'ghostflame', 'Legend Spike', 70, 62, 'unique'),
('Ghoulhide', 'ghoulhide', 'Heavy Bracers', 44, 36, 'unique'),
('Giantskull', 'giantskull', 'Bone Visage', 73, 65, 'unique'),
('Gimmershred', 'gimmershred', 'Flying Axe', 78, 70, 'unique'),
('Ginther''s Rift', 'ginthers-rift', 'Dimensional Blade', 45, 37, 'unique'),
('Gleamscythe', 'gleamscythe', 'Falchion', 18, 13, 'unique'),
('Gloomstrap', 'gloomstrap', 'Mesh Belt', 45, 36, 'unique'),
('Goblin Toe', 'goblin-toe', 'Light Plate Boots', 30, 22, 'unique'),
('Godstrike Arch', 'godstrike-arch', 'Gothic Bow', 54, 46, 'unique'),
('Goldskin', 'goldskin', 'Full Plate Mail', 38, 28, 'unique'),
('Goldwrap', 'goldwrap', 'Heavy Belt', 36, 27, 'unique'),
('Gorefoot', 'gorefoot', 'Heavy Boots', 12, 9, 'unique'),
('Gorerider', 'gorerider', 'War Boots', 55, 47, 'unique'),
('Goreshovel', 'goreshovel', 'Broad Axe', 19, 14, 'unique'),
('Gravenspine', 'gravenspine', 'Bone Wand', 27, 20, 'unique'),
('Gravepalm', 'gravepalm', 'Sharkskin Gloves', 39, 32, 'unique'),
('Greyform', 'greyform', 'Quilted Armor', 10, 7, 'unique'),
('Griffon''s Eye', 'griffons-eye', 'Diadem', 84, 76, 'unique'),
('Grim''s Burning Dead', 'grims-burning-dead', 'Grim Scythe', 52, 45, 'unique'),
('Griswolds Edge', 'griswolds-edge', 'Broad Sword', 23, 17, 'unique'),
('Guardian Angel', 'guardian-angel', 'Templar Coat', 53, 45, 'unique'),
('Guardian Naga', 'guardian-naga', 'Naga', 56, 48, 'unique'),
('Gull', 'gull', 'Dagger', 6, 4, 'unique'),
('Gutsiphon', 'gutsiphon', 'Demon Crossbow', 79, 71, 'unique'),
('Halaberd''s Reign', 'halaberds-reign', 'Conqueror Crown', 85, 77, 'unique'),
('Hand of Blessed Light', 'hand-of-blessed-light', 'Divine Scepter', 50, 42, 'unique'),
('Harlequin Crest', 'harlequin-crest', 'Shako', 69, 62, 'unique'),
('Hawkmail', 'hawkmail', 'Scale Mail', 20, 15, 'unique'),
('Headhunter''s Glory', 'headhunters-glory', 'Troll Nest', 83, 75, 'unique'),
('Headstriker', 'headstriker', 'Battle Sword', 47, 39, 'unique'),
('Heart Carver', 'heart-carver', 'Rondel', 44, 36, 'unique'),
('Heaven''s Light', 'heavens-light', 'Mighty Scepter', 69, 61, 'unique'),
('Heavenly Garb', 'heavenly-garb', 'Light Plate', 39, 29, 'unique'),
('Hellcast', 'hellcast', 'Heavy Crossbow', 36, 27, 'unique'),
('Hellclap', 'hellclap', 'Short War Bow', 36, 27, 'unique'),
('Hellfire Torch', 'hellfire-torch', 'Charm', 110, 75, 'unique'),
('Hellmouth', 'hellmouth', 'War Gauntlets', 55, 47, 'unique'),
('Hellplague', 'hellplague', 'Long Sword', 30, 22, 'unique'),
('Hellrack', 'hellrack', 'Colossus Crossbow', 84, 76, 'unique'),
('Hellslayer', 'hellslayer', 'Decapitator', 71, 66, 'unique'),
('Herald of Zakarum', 'herald-of-zakarum', 'Aerin Shield', 50, 42, 'unique'),
('Hexfire', 'hexfire', 'Shamshir', 41, 33, 'unique'),
('Highlord''s Wrath', 'highlords-wrath', 'Amulet', 73, 65, 'unique'),
('Homunculus', 'homunculus', 'Heirophant Trophy', 50, 42, 'unique'),
('Hone Sundan', 'hone-sundan', 'Yari', 45, 37, 'unique'),
('Horizon''s Tornado', 'horizons-tornado', 'Scourge', 72, 64, 'unique'),
('Hotspur', 'hotspur', 'Leather Boots', 7, 5, 'unique'),
('Howltusk', 'howltusk', 'Great Helm', 34, 25, 'unique'),
('Husoldal Evo', 'husoldal-evo', 'Bec-De-Corbin', 52, 44, 'unique'),
('Iceblink', 'iceblink', 'Splint Mail', 30, 22, 'unique'),
('Ichorsting', 'ichorsting', 'Crossbow', 24, 18, 'unique'),
('Infernostride', 'infernostride', 'Demonhide Boots', 37, 29, 'unique'),
('Irices Shard', 'irices-shard', 'Blade', 34, 25, 'unique'),
('Ironpelt', 'ironpelt', 'Trellised Armor', 41, 33, 'unique'),
('Ironstone', 'ironstone', 'War Hammer', 36, 27, 'unique'),
('Ironward', 'ironward', 'Caduceus', 68, 60, 'unique'),
('Iros Torch', 'iros-torch', 'Wand', 7, 5, 'unique'),
('Islestrike', 'islestrike', 'Twin Axe', 51, 43, 'unique'),
('Jadetalon', 'jadetalon', 'Wrist Sword', 74, 66, 'unique'),
('Jalal''s Mane', 'jalals-mane', 'Dream Spirit', 50, 42, 'unique'),
('Kelpie Snare', 'kelpie-snare', 'Fuscina', 41, 33, 'unique'),
('Kerke''s Sanctuary', 'kerkes-sanctuary', 'Pavise', 52, 44, 'unique'),
('KhalimFlail', 'khalimflail', 'Flail', 0, 0, 'unique'),
('Kinemils Awl', 'kinemils-awl', 'Giant Sword', 31, 23, 'unique'),
('Kira''s Guardian', 'kiras-guardian', 'Tiara', 85, 77, 'unique'),
('Knell Striker', 'knell-striker', 'Scepter', 7, 5, 'unique'),
('Krintizs Skewer', 'krintizs-skewer', 'Saber', 14, 10, 'unique'),
('Kuko Shakaku', 'kuko-shakaku', 'Cedar Bow', 41, 33, 'unique'),
('Lacerator', 'lacerator', 'Winged Axe', 76, 68, 'unique'),
('Lance Guard', 'lance-guard', 'Barbed Shield', 43, 35, 'unique'),
('Lance of Yaggai', 'lance-of-yaggai', 'Spetum', 30, 22, 'unique'),
('Langer Briser', 'langer-briser', 'Arbalest', 40, 32, 'unique'),
('Lavagout', 'lavagout', 'Battle Gauntlets', 50, 42, 'unique'),
('Lazarus Spire', 'lazarus-spire', 'Gnarled Staff', 24, 18, 'unique'),
('Leadcrow', 'leadcrow', 'Light Crossbow', 12, 9, 'unique'),
('Lenyms Cord', 'lenyms-cord', 'Sash', 10, 7, 'unique'),
('Leviathan', 'leviathan', 'Kraken Shell', 73, 65, 'unique'),
('Lidless Wall', 'lidless-wall', 'Grim Shield', 49, 41, 'unique'),
('Lightsabre', 'lightsabre', 'Phase Blade', 66, 58, 'unique'),
('Lycander''s Aim', 'lycanders-aim', 'Ceremonial Bow', 50, 42, 'unique'),
('Lycander''s Flank', 'lycanders-flank', 'Ceremonial Pike', 50, 42, 'unique'),
('Maelstromwrath', 'maelstromwrath', 'Yew Wand', 19, 14, 'unique'),
('Magefist', 'magefist', 'Light Gauntlets', 31, 23, 'unique'),
('Magewrath', 'magewrath', 'Rune Bow', 51, 43, 'unique'),
('Manald Heal', 'manald-heal', 'Ring', 20, 15, 'unique'),
('Mang Song''s Lesson', 'mang-songs-lesson', 'Archon Staff', 86, 82, 'unique'),
('Mara''s Kaleidoscope', 'maras-kaleidoscope', 'Amulet', 80, 67, 'unique'),
('Marrowwalk', 'marrowwalk', 'Boneweave Boots', 74, 66, 'unique'),
('Medusa''s Gaze', 'medusas-gaze', 'Aegis', 84, 76, 'unique'),
('Messerschmidt''s Reaver', 'messerschmidts-reaver', 'Champion Axe', 75, 70, 'unique'),
('Metalgrid', 'metalgrid', 'Amulet', 85, 81, 'unique'),
('Mindrend', 'mindrend', 'Military Pick', 28, 21, 'unique'),
('Moonfall', 'moonfall', 'Jagged Star', 50, 42, 'unique'),
('Mosers Blessed Circle', 'mosers-blessed-circle', 'Round Shield', 39, 31, 'unique'),
('Nagelring', 'nagelring', 'Ring', 10, 7, 'unique'),
('Nature''s Peace', 'natures-peace', 'Ring', 77, 69, 'unique'),
('Nightsmoke', 'nightsmoke', 'Belt', 27, 20, 'unique'),
('Nightwing''s Veil', 'nightwings-veil', 'Spired Helm', 75, 67, 'unique'),
('Nokozan Relic', 'nokozan-relic', 'Amulet', 14, 10, 'unique'),
('Nord''s Tenderizer', 'nords-tenderizer', 'Truncheon', 76, 68, 'unique'),
('Nosferatu''s Coil', 'nosferatus-coil', 'Vampirefang Belt', 68, 51, 'unique'),
('Ondal''s Wisdom', 'ondals-wisdom', 'Elder Staff', 74, 66, 'unique'),
('Ormus'' Robes', 'ormus-robes', 'Dusk Shroud', 83, 75, 'unique'),
('Peasent Crown', 'peasent-crown', 'War Hat', 36, 28, 'unique'),
('Pelta Lunata', 'pelta-lunata', 'Buckler', 3, 2, 'unique'),
('Piercerib', 'piercerib', 'Composite Bow', 27, 20, 'unique'),
('Pierre Tombale Couant', 'pierre-tombale-couant', 'Partizan', 51, 43, 'unique'),
('Plague Bearer', 'plague-bearer', 'Rune Sword', 49, 41, 'unique'),
('Pluckeye', 'pluckeye', 'Short Bow', 10, 7, 'unique'),
('Pompe''s Wrath', 'pompes-wrath', 'Crowbill', 53, 45, 'unique'),
('Pullspite', 'pullspite', 'Short Battle Bow', 34, 25, 'unique'),
('Pus Spiter', 'pus-spiter', 'Siege Crossbow', 44, 36, 'unique'),
('Que-Hegan''s Wisdon', 'que-hegans-wisdon', 'Mage Plate', 59, 51, 'unique'),
('Radimant''s Sphere', 'radimants-sphere', 'Ancient Shield', 58, 50, 'unique'),
('Rakescar', 'rakescar', 'War Axe', 36, 27, 'unique'),
('Rattlecage', 'rattlecage', 'Gothic Plate', 39, 29, 'unique'),
('Raven Frost', 'raven-frost', 'Ring', 53, 45, 'unique'),
('Ravenlore', 'ravenlore', 'Sky Spirit', 82, 74, 'unique'),
('Razoredge', 'razoredge', 'Tomahawk', 75, 67, 'unique'),
('Razorswitch', 'razorswitch', 'Jo Staff', 36, 28, 'unique'),
('Razortail', 'razortail', 'Sharkskin Belt', 39, 32, 'unique'),
('Razortine', 'razortine', 'Trident', 16, 12, 'unique'),
('Ribcracker', 'ribcracker', 'Quarterstaff', 39, 31, 'unique'),
('Rimeraven', 'rimeraven', 'Long Bow', 20, 15, 'unique'),
('Riphook', 'riphook', 'Razor Bow', 39, 31, 'unique'),
('Ripsaw', 'ripsaw', 'Flamberge', 35, 26, 'unique'),
('Rixots Keen', 'rixots-keen', 'Short Sword', 3, 2, 'unique'),
('Rockfleece', 'rockfleece', 'Field Plate', 38, 28, 'unique'),
('Rockstopper', 'rockstopper', 'Sallet', 39, 31, 'unique'),
('Runemaster', 'runemaster', 'Ettin Axe', 80, 72, 'unique'),
('Rusthandle', 'rusthandle', 'Grand Scepter', 23, 17, 'unique'),
('Sandstorm Trek', 'sandstorm-trek', 'Scarabshell Boots', 72, 64, 'unique'),
('Saracen''s Chance', 'saracens-chance', 'Amulet', 55, 47, 'unique'),
('Schaefer''s Hammer', 'schaefers-hammer', 'Legendary Mallet', 83, 79, 'unique'),
('Seraph''s Hymn', 'seraphs-hymn', 'Amulet', 73, 65, 'unique'),
('Serpent Lord', 'serpent-lord', 'Long Staff', 12, 9, 'unique'),
('Shadowdancer', 'shadowdancer', 'Myrmidon Greaves', 79, 71, 'unique'),
('Shadowfang', 'shadowfang', 'Two-Handed Sword', 16, 12, 'unique'),
('Shadowkiller', 'shadowkiller', 'Battle Cestus', 85, 78, 'unique'),
('Shaftstop', 'shaftstop', 'Mesh Armor', 46, 38, 'unique'),
('Silkweave', 'silkweave', 'Mesh Boots', 44, 36, 'unique'),
('Skin of the Flayerd One', 'skin-of-the-flayerd-one', 'Demonhide Armor', 39, 31, 'unique'),
('Skin of the Vipermagi', 'skin-of-the-vipermagi', 'Serpentskin Armor', 37, 29, 'unique'),
('Skullcollector', 'skullcollector', 'Rune Staff', 49, 41, 'unique'),
('Skullder''s Ire', 'skullders-ire', 'Russet Armor', 50, 42, 'unique'),
('Skystrike', 'skystrike', 'Edge Bow', 36, 28, 'unique'),
('Snakecord', 'snakecord', 'Light Belt', 16, 12, 'unique'),
('Snowclash', 'snowclash', 'Battle Belt', 49, 42, 'unique'),
('Soul Harvest', 'soul-harvest', 'Scythe', 26, 19, 'unique'),
('Souldrain', 'souldrain', 'Vambraces', 82, 74, 'unique'),
('Soulfeast Tine', 'soulfeast-tine', 'War Fork', 43, 35, 'unique'),
('Soulflay', 'soulflay', 'Claymore', 26, 19, 'unique'),
('Sparking Mail', 'sparking-mail', 'Chain Mail', 23, 17, 'unique'),
('Spellsteel', 'spellsteel', 'Bearded Axe', 47, 39, 'unique'),
('Spike Thorn', 'spike-thorn', 'Blade Barrier', 78, 70, 'unique'),
('Spineripper', 'spineripper', 'Poignard', 40, 32, 'unique'),
('Spire of Honor', 'spire-of-honor', 'Lance', 47, 39, 'unique'),
('Spirit Ward', 'spirit-ward', 'Ward', 76, 68, 'unique'),
('Spiritforge', 'spiritforge', 'Linked Mail', 43, 35, 'unique'),
('Spiritkeeper', 'spiritkeeper', 'Earth Spirit', 75, 67, 'unique'),
('Stealskull', 'stealskull', 'Casque', 43, 35, 'unique'),
('Steel Carapice', 'steel-carapice', 'Shadow Plate', 74, 66, 'unique'),
('Steelclash', 'steelclash', 'Kite Shield', 23, 17, 'unique'),
('Steeldriver', 'steeldriver', 'Great Maul', 39, 29, 'unique'),
('Steelgoad', 'steelgoad', 'Voulge', 19, 14, 'unique'),
('Steelpillar', 'steelpillar', 'War Pike', 77, 69, 'unique'),
('Steelrend', 'steelrend', 'Ogre Gauntlets', 78, 70, 'unique'),
('Steelshade', 'steelshade', 'Armet', 70, 62, 'unique'),
('Stone Crusher', 'stone-crusher', 'Legendary Mallet', 76, 68, 'unique'),
('Stoneraven', 'stoneraven', 'Matriarchal Spear', 72, 64, 'unique'),
('Stormchaser', 'stormchaser', 'Scutum', 43, 35, 'unique'),
('Stormeye', 'stormeye', 'War Scepter', 31, 23, 'unique'),
('Stormguild', 'stormguild', 'Large Shield', 18, 13, 'unique'),
('Stormlash', 'stormlash', 'Scourge', 86, 82, 'unique'),
('Stormrider', 'stormrider', 'Tabar', 49, 41, 'unique'),
('Stormshield', 'stormshield', 'Monarch', 77, 73, 'unique'),
('Stormspike', 'stormspike', 'Stilleto', 49, 41, 'unique'),
('Stormspire', 'stormspire', 'Giant Thresher', 78, 70, 'unique'),
('Stoutnail', 'stoutnail', 'Spiked Club', 7, 5, 'unique'),
('String of Ears', 'string-of-ears', 'Demonhide Sash', 37, 29, 'unique'),
('Suicide Branch', 'suicide-branch', 'Burnt Wand', 41, 33, 'unique'),
('SuperKhalimFlail', 'superkhalimflail', 'Flail', 0, 0, 'unique'),
('Sureshrill Frost', 'sureshrill-frost', 'Flanged Mace', 47, 39, 'unique'),
('Swordback Hold', 'swordback-hold', 'Spiked Shield', 20, 15, 'unique'),
('Swordguard', 'swordguard', 'Executioner Sword', 55, 48, 'unique'),
('Tarnhelm', 'tarnhelm', 'Skull Cap', 20, 15, 'unique'),
('Tearhaunch', 'tearhaunch', 'Plate Boots', 39, 29, 'unique'),
('Templar''s Might', 'templars-might', 'Sacred Armor', 82, 74, 'unique'),
('The Atlantian', 'the-atlantian', 'Ancient Sword', 50, 42, 'unique'),
('The Battlebranch', 'the-battlebranch', 'Poleaxe', 34, 25, 'unique'),
('The Cat''s Eye', 'the-cats-eye', 'Amulet', 58, 50, 'unique'),
('The Centurion', 'the-centurion', 'Hard Leather Armor', 19, 14, 'unique'),
('The Chieftan', 'the-chieftan', 'Battle Axe', 26, 19, 'unique'),
('The Cranium Basher', 'the-cranium-basher', 'Thunder Maul', 85, 87, 'unique'),
('The Diggler', 'the-diggler', 'Dirk', 15, 11, 'unique'),
('The Dragon Chang', 'the-dragon-chang', 'Spear', 11, 8, 'unique'),
('The Eye of Etlich', 'the-eye-of-etlich', 'Amulet', 20, 15, 'unique'),
('The Face of Horror', 'the-face-of-horror', 'Mask', 27, 20, 'unique'),
('The Fetid Sprinkler', 'the-fetid-sprinkler', 'Holy Water Sprinkler', 46, 38, 'unique'),
('The Gavel of Pain', 'the-gavel-of-pain', 'Martel De Fer', 53, 45, 'unique'),
('The Generals Tan Do Li Ga', 'the-generals-tan-do-li-ga', 'Flail', 28, 21, 'unique'),
('The Gladiator''s Bane', 'the-gladiators-bane', 'Wire Fleece', 85, 85, 'unique'),
('The Gnasher', 'the-gnasher', 'Hand Axe', 7, 5, 'unique'),
('The Grandfather', 'the-grandfather', 'Colossus Blade', 85, 81, 'unique'),
('The Grim Reaper', 'the-grim-reaper', 'War Scythe', 39, 29, 'unique'),
('The Hand of Broc', 'the-hand-of-broc', 'Gloves', 7, 5, 'unique'),
('The Humongous', 'the-humongous', 'Giant Axe', 39, 29, 'unique'),
('The Impaler', 'the-impaler', 'War Spear', 39, 31, 'unique'),
('The Iron Jang Bong', 'the-iron-jang-bong', 'War Staff', 38, 28, 'unique'),
('The Jade Tan Do', 'the-jade-tan-do', 'Kris', 26, 19, 'unique'),
('The Mahim-Oak Curio', 'the-mahim-oak-curio', 'Amulet', 34, 25, 'unique'),
('The Meat Scraper', 'the-meat-scraper', 'Lochaber Axe', 49, 41, 'unique'),
('The Minataur', 'the-minataur', 'Ancient Axe', 53, 45, 'unique'),
('The Oculus', 'the-oculus', 'Swirling Crystal', 50, 42, 'unique'),
('The Patriarch', 'the-patriarch', 'Great Sword', 39, 29, 'unique'),
('The Reaper''s Toll', 'the-reapers-toll', 'Thresher', 83, 75, 'unique'),
('The Reedeemer', 'the-reedeemer', 'Mighty Scepter', 80, 72, 'unique'),
('The Rising Sun', 'the-rising-sun', 'Amulet', 73, 65, 'unique'),
('The Salamander', 'the-salamander', 'Battle Staff', 28, 21, 'unique'),
('The Scalper', 'the-scalper', 'Francisca', 65, 57, 'unique'),
('The Spirit Shroud', 'the-spirit-shroud', 'Ghost Armor', 36, 28, 'unique'),
('The Stone of Jordan', 'the-stone-of-jordan', 'Ring', 39, 29, 'unique'),
('The Tannr Gorerod', 'the-tannr-gorerod', 'Pike', 36, 27, 'unique'),
('The Vile Husk', 'the-vile-husk', 'Tusk Sword', 52, 44, 'unique'),
('The Ward', 'the-ward', 'Gothic Shield', 35, 26, 'unique'),
('Thudergod''s Vigor', 'thudergods-vigor', 'War Belt', 55, 47, 'unique'),
('Thunderstroke', 'thunderstroke', 'Matriarchal Javelin', 77, 69, 'unique'),
('Tiamat''s Rebuke', 'tiamats-rebuke', 'Dragon Shield', 46, 38, 'unique'),
('Titan''s Revenge', 'titans-revenge', 'Ceremonial Javelin', 50, 42, 'unique'),
('Todesfaelle Flamme', 'todesfaelle-flamme', 'Zweihander', 54, 46, 'unique'),
('Tomb Reaver', 'tomb-reaver', 'Cryptic Axe', 86, 84, 'unique'),
('Toothrow', 'toothrow', 'Sharktooth Armor', 56, 48, 'unique'),
('Treads of Cthon', 'treads-of-cthon', 'Chain Boots', 20, 15, 'unique'),
('Twitchthroe', 'twitchthroe', 'Studded Leather', 22, 16, 'unique'),
('Tyrael''s Might', 'tyraels-might', 'Sacred Armor', 87, 84, 'unique'),
('Umbral Disk', 'umbral-disk', 'Small Shield', 12, 9, 'unique'),
('Umes Lament', 'umes-lament', 'Grim Wand', 38, 28, 'unique'),
('Undead Crown', 'undead-crown', 'Crown', 39, 29, 'unique'),
('Valkiry Wing', 'valkiry-wing', 'Winged Helm', 52, 44, 'unique'),
('Vampiregaze', 'vampiregaze', 'Grim Helm', 49, 41, 'unique'),
('Veil of Steel', 'veil-of-steel', 'Spired Helm', 77, 73, 'unique'),
('Venom Grip', 'venom-grip', 'Demonhide Gloves', 37, 29, 'unique'),
('Venomsward', 'venomsward', 'Breast Plate', 27, 20, 'unique'),
('Verdugo''s Hearty Cord', 'verdugos-hearty-cord', 'Mithril Coil', 71, 63, 'unique'),
('Victors Silk', 'victors-silk', 'Ancient Armor', 38, 28, 'unique'),
('Viperfork', 'viperfork', 'War Fork', 79, 71, 'unique'),
('Visceratuant', 'visceratuant', 'Defender', 36, 28, 'unique'),
('Wall of the Eyeless', 'wall-of-the-eyeless', 'Bone Shield', 27, 20, 'unique'),
('War Bonnet', 'war-bonnet', 'Cap', 4, 3, 'unique'),
('Warlord''s Trust', 'warlords-trust', 'Military Axe', 43, 35, 'unique'),
('Warpspear', 'warpspear', 'Gothic Staff', 47, 39, 'unique'),
('Warshrike', 'warshrike', 'Winged Knife', 83, 75, 'unique'),
('Wartraveler', 'wartraveler', 'Battle Boots', 50, 42, 'unique'),
('Waterwalk', 'waterwalk', 'Sharkskin Boots', 40, 32, 'unique'),
('Whichwild String', 'whichwild-string', 'Short Siege Bow', 47, 39, 'unique'),
('Widowmaker', 'widowmaker', 'Ward Bow', 73, 65, 'unique'),
('Windforce', 'windforce', 'Hydra Bow', 80, 73, 'unique'),
('Windhammer', 'windhammer', 'Ogre Maul', 76, 68, 'unique'),
('Wisp', 'wisp', 'Ring', 84, 76, 'unique'),
('Witherstring', 'witherstring', 'Hunter''s Bow', 18, 13, 'unique'),
('Wizardspike', 'wizardspike', 'Bone Knife', 69, 61, 'unique'),
('Wizendraw', 'wizendraw', 'Long Battle Bow', 35, 26, 'unique'),
('Woestave', 'woestave', 'Halberd', 38, 28, 'unique'),
('Wolfhowl', 'wolfhowl', 'Fury Visor', 85, 79, 'unique'),
('Wormskull', 'wormskull', 'Bone Helm', 28, 21, 'unique'),
('Wraithflight', 'wraithflight', 'Ghost Glaive', 84, 76, 'unique'),
('Zakarum''s Hand', 'zakarums-hand', 'Rune Scepter', 45, 37, 'unique');

-- --------------------------------------------------------

--
-- Table structure for table `loot_properties`
--

CREATE TABLE IF NOT EXISTS `loot_properties` (
  `name` varchar(64) NOT NULL,
  `property` varchar(32) NOT NULL,
  `value` int(8) DEFAULT NULL,
  KEY `name` (`name`),
  KEY `property` (`property`)
) ENGINE=InnoDB DEFAULT CHARSET=utf8;

--
-- Dumping data for table `loot_properties`
--


-- --------------------------------------------------------

--
-- Table structure for table `loot_properties_magic`
--

CREATE TABLE IF NOT EXISTS `loot_properties_magic` (
  `loot` varchar(64) NOT NULL,
  `property` varchar(32) NOT NULL,
  `parameter` varchar(32) DEFAULT NULL,
  `min` int(11) DEFAULT NULL,
  `max` int(11) DEFAULT NULL,
  KEY `loot` (`loot`)
) ENGINE=InnoDB DEFAULT CHARSET=utf8;

--
-- Dumping data for table `loot_properties_magic`
--


-- --------------------------------------------------------

--
-- Table structure for table `loot_properties_set`
--

CREATE TABLE IF NOT EXISTS `loot_properties_set` (
  `set_item` varchar(64) NOT NULL,
  `property` varchar(32) NOT NULL,
  `parameter` varchar(32) DEFAULT NULL,
  `min` int(11) DEFAULT NULL,
  `max` int(11) DEFAULT NULL,
  `req_equip` int(11) NOT NULL DEFAULT '0',
  KEY `set_family` (`set_item`)
) ENGINE=InnoDB DEFAULT CHARSET=utf8;

--
-- Dumping data for table `loot_properties_set`
--


-- --------------------------------------------------------

--
-- Table structure for table `loot_properties_set_full`
--

CREATE TABLE IF NOT EXISTS `loot_properties_set_full` (
  `set_family` varchar(64) NOT NULL,
  `property` varchar(32) NOT NULL,
  `parameter` varchar(32) DEFAULT NULL,
  `min` int(11) DEFAULT NULL,
  `max` int(11) DEFAULT NULL,
  `req_equip` int(11) NOT NULL DEFAULT '0',
  KEY `set_family` (`set_family`)
) ENGINE=InnoDB DEFAULT CHARSET=utf8;

--
-- Dumping data for table `loot_properties_set_full`
--


-- --------------------------------------------------------

--
-- Table structure for table `relate_division`
--

CREATE TABLE IF NOT EXISTS `relate_division` (
  `division` varchar(64) NOT NULL,
  `kingdom` varchar(64) NOT NULL,
  PRIMARY KEY (`division`),
  KEY `kingdom` (`kingdom`)
) ENGINE=InnoDB DEFAULT CHARSET=utf8;

--
-- Dumping data for table `relate_division`
--

INSERT INTO `relate_division` (`division`, `kingdom`) VALUES
('Charm', 'accessory'),
('Jewelry', 'accessory'),
('Barbarian Headgear', 'armor'),
('Belt', 'armor'),
('Boots', 'armor'),
('Chest Armor', 'armor'),
('Circlet', 'armor'),
('Druid Pelt', 'armor'),
('Gloves', 'armor'),
('Helm', 'armor'),
('Necromancer Head', 'armor'),
('Paladin Shield', 'armor'),
('Shield', 'armor'),
('Potion', 'disposable'),
('Scroll', 'disposable'),
('Tome', 'disposable'),
('2 Handed Assassin Katar', 'weapon'),
('Amazon Bow', 'weapon'),
('Amazon Javelin', 'weapon'),
('Amazon Spear', 'weapon'),
('Assassin Katar', 'weapon'),
('Axe', 'weapon'),
('Bow', 'weapon'),
('Club', 'weapon'),
('Crossbow', 'weapon'),
('Hammer', 'weapon'),
('Javelin', 'weapon'),
('Knife', 'weapon'),
('Mace', 'weapon'),
('Polearm', 'weapon'),
('Scepter', 'weapon'),
('Sorceress Orb', 'weapon'),
('Spear', 'weapon'),
('Staff', 'weapon'),
('Sword', 'weapon'),
('Throwing Axe', 'weapon'),
('Throwing Knife', 'weapon'),
('Throwing Potion', 'weapon'),
('Wand', 'weapon');

-- --------------------------------------------------------

--
-- Table structure for table `relate_domain`
--

CREATE TABLE IF NOT EXISTS `relate_domain` (
  `domain` varchar(64) NOT NULL,
  PRIMARY KEY (`domain`)
) ENGINE=InnoDB DEFAULT CHARSET=utf8;

--
-- Dumping data for table `relate_domain`
--

INSERT INTO `relate_domain` (`domain`) VALUES
('bestiary'),
('classes'),
('loot'),
('world');

-- --------------------------------------------------------

--
-- Table structure for table `relate_kingdom`
--

CREATE TABLE IF NOT EXISTS `relate_kingdom` (
  `kingdom` varchar(64) NOT NULL DEFAULT '',
  `domain` varchar(64) DEFAULT NULL,
  PRIMARY KEY (`kingdom`),
  KEY `domain` (`domain`)
) ENGINE=InnoDB DEFAULT CHARSET=utf8;

--
-- Dumping data for table `relate_kingdom`
--

INSERT INTO `relate_kingdom` (`kingdom`, `domain`) VALUES
('accessory', 'loot'),
('armor', 'loot'),
('disposable', 'loot'),
('weapon', 'loot');

-- --------------------------------------------------------

--
-- Table structure for table `relate_loot_set`
--

CREATE TABLE IF NOT EXISTS `relate_loot_set` (
  `set_item` varchar(64) NOT NULL,
  `set_family` varchar(64) NOT NULL,
  PRIMARY KEY (`set_item`),
  KEY `set_family` (`set_family`)
) ENGINE=InnoDB DEFAULT CHARSET=utf8;

--
-- Dumping data for table `relate_loot_set`
--


-- --------------------------------------------------------

--
-- Table structure for table `translate_loot_properties`
--

CREATE TABLE IF NOT EXISTS `translate_loot_properties` (
  `property` varchar(32) NOT NULL,
  `translation` varchar(128) DEFAULT NULL,
  PRIMARY KEY (`property`)
) ENGINE=InnoDB DEFAULT CHARSET=utf8;

--
-- Dumping data for table `translate_loot_properties`
--

INSERT INTO `translate_loot_properties` (`property`, `translation`) VALUES
('abs-cold', ''),
('abs-cold%', ''),
('abs-cold/lvl', ''),
('abs-cold/time', ''),
('abs-crush', ''),
('abs-crush%', ''),
('abs-fire', ''),
('abs-fire%', 'Fire Absorbtion (%)'),
('abs-fire/lvl', ''),
('abs-fire/time', ''),
('abs-ltng', ''),
('abs-ltng%', ''),
('abs-ltng/lvl', ''),
('abs-ltng/time', ''),
('abs-mag', ''),
('abs-mag%', ''),
('abs-pois/lvl', ''),
('abs-pois/time', ''),
('abs-slash', ''),
('abs-slash%', ''),
('abs-thrust', ''),
('abs-thrust%', ''),
('absorbs', 'Armor Absorbtion'),
('ac', 'Armor Rating'),
('ac%', 'Armor Rating (%)'),
('ac%-mon', ''),
('ac%/lvl', ''),
('ac%/time', ''),
('ac-hth', 'Armor Rating against Melee'),
('ac-miss', 'Armor Rating against Missiles'),
('ac-mon', ''),
('ac/lvl', ''),
('ac/time', ''),
('addxp', ''),
('all-stats', ''),
('allskills', ''),
('ama', ''),
('armorspeed', 'Armor Weight'),
('ass', ''),
('att', 'Attack Rating'),
('att%', ''),
('att%-mon', ''),
('att%/lvl', ''),
('att%/time', ''),
('att-dem/lvl', ''),
('att-dem/time', ''),
('att-demon', ''),
('att-mon', ''),
('att-mon%', ''),
('att-skill', ''),
('att-und/lvl', ''),
('att-und/time', ''),
('att-undead', ''),
('att/lvl', ''),
('att/time', ''),
('aura', ''),
('balance1', ''),
('balance2', ''),
('balance3', ''),
('bar', ''),
('block', 'Block Rating'),
('block1', ''),
('block2', ''),
('block3', ''),
('bloody', ''),
('cast1', ''),
('cast2', ''),
('cast3', ''),
('charged', ''),
('cheap', ''),
('cold-len', 'Cold Length (frames)'),
('cold-max', 'Maximum Cold Damage'),
('cold-min', 'Minimum Cold Damage'),
('color', ''),
('cost', 'Merchant Cost'),
('crush', ''),
('crush/lvl', ''),
('crush/time', ''),
('deadly', ''),
('deadly/lvl', ''),
('deadly/time', ''),
('death-skill', ''),
('demon-heal', ''),
('dex', 'Dexterity Increase'),
('dex/lvl', ''),
('dex/time', ''),
('DexBonus', 'Dexterity Bonus'),
('dmg', ''),
('dmg%', 'Increased Damage (%)'),
('dmg%-mon', ''),
('dmg%/lvl', ''),
('dmg%/time', ''),
('dmg-ac', ''),
('dmg-cold', ''),
('dmg-cold/lvl', ''),
('dmg-cold/time', ''),
('dmg-crush', ''),
('dmg-crush%', ''),
('dmg-dem/lvl', ''),
('dmg-dem/time', ''),
('dmg-demon', ''),
('dmg-elem', ''),
('dmg-elem-max', ''),
('dmg-elem-min', ''),
('dmg-fire', ''),
('dmg-fire/lvl', ''),
('dmg-fire/time', ''),
('dmg-ltng', ''),
('dmg-ltng/lvl', ''),
('dmg-ltng/time', ''),
('dmg-mag', ''),
('dmg-max', 'Maximum Damage Increase'),
('dmg-min', 'Minimum Damage Increase'),
('dmg-mon', ''),
('dmg-mon%', ''),
('dmg-norm', ''),
('dmg-pois', ''),
('dmg-pois/lvl', ''),
('dmg-pois/time', ''),
('dmg-slash', ''),
('dmg-slash%', ''),
('dmg-throw', ''),
('dmg-thrust', ''),
('dmg-thrust%', ''),
('dmg-to-mana', 'Damage Replenishes Mana'),
('dmg-und/lvl', ''),
('dmg-und/time', ''),
('dmg-undead', ''),
('dmg/lvl', ''),
('dmg/time', ''),
('dru', ''),
('dur', ''),
('dur%', ''),
('durability', 'Durability'),
('ease', ''),
('enr', 'Energy Increase'),
('enr/lvl', ''),
('enr/time', ''),
('ethereal', ''),
('Expansion', ''),
('explosivearrow', ''),
('extra-cold', ''),
('extra-fire', ''),
('extra-ltng', ''),
('extra-pois', ''),
('fade', ''),
('fire-fx', ''),
('fire-max', 'Maximum Fire Damage'),
('fire-min', 'Minimum Fire Damage'),
('fireskill', ''),
('freeze', ''),
('gamble cost', 'Gamble Cost'),
('gembonus', ''),
('gems%/lvl', ''),
('gems%/time', ''),
('gemsockets', 'Maximum Sockets'),
('gethit-skill', ''),
('gold%', ''),
('gold%/lvl', ''),
('gold%/time', ''),
('half-freeze', ''),
('heal-kill', ''),
('herb', ''),
('hit-skill', ''),
('howl', ''),
('hp', 'Hit Points Increase'),
('hp%', 'Hit Points Increase (%)'),
('hp/lvl', ''),
('hp/time', ''),
('ignore-ac', ''),
('indestruct', ''),
('invheight', 'Inventory Height'),
('invwidth', 'Inventory Width'),
('item%', ''),
('kick', ''),
('kick/lvl', ''),
('kick/time', ''),
('kill-skill', ''),
('knock', ''),
('levelreq', ''),
('levelup-skill', ''),
('lifesteal', ''),
('light', ''),
('light-thorns', ''),
('lightradius', 'Light Radius'),
('ltng-fx', ''),
('ltng-max', 'Maximum Lightning Damage'),
('ltng-min', 'Minimum Lightning Damage'),
('mag%', ''),
('mag%/lvl', ''),
('mag%/time', ''),
('magicarrow', ''),
('mana', 'Mana Increase'),
('mana%', 'Mana Increase (%)'),
('mana-kill', ''),
('mana/lvl', ''),
('mana/time', ''),
('manasteal', ''),
('maxac', 'Maximum Defense'),
('maxdam', 'Maximum Damage'),
('maxstack', 'Maximum Stack'),
('minac', 'Minimum Defense'),
('mindam', 'Minimum Damage'),
('minstack', 'Minimum Stack'),
('move1', ''),
('move2', ''),
('move3', ''),
('nec', ''),
('nofreeze', ''),
('noheal', ''),
('openwounds', ''),
('oskill', ''),
('pal', ''),
('pierce', ''),
('pierce-cold', ''),
('pierce-fire', ''),
('pierce-ltng', ''),
('pierce-pois', ''),
('pois-len', 'Poison Length (frames)'),
('pois-max', 'Maximum Poison Damage'),
('pois-min', 'Minimum Poison Damage'),
('randclassskill', ''),
('reanimate', ''),
('red-dmg', 'Damage Reduced'),
('red-dmg%', 'Damage Reduced (%)'),
('red-mag', 'Reduced Magic Damage'),
('reduce-ac', ''),
('regen', ''),
('regen-dur', ''),
('regen-mana', ''),
('regen-stam', ''),
('regen-stam/lvl', ''),
('regen-stam/time', ''),
('rep-dur', ''),
('rep-quant', ''),
('reqstr', 'Required Strength'),
('res-all', 'Resist All'),
('res-all-max', 'Increases All Maximum Resists'),
('res-cold', 'Resist Cold'),
('res-cold-max', 'Increases Maximum Cold Resists'),
('res-cold/lvl', ''),
('res-cold/time', ''),
('res-fire', 'Resist Fire'),
('res-fire-max', 'Increases Maximum Fire Resists'),
('res-fire/lvl', ''),
('res-fire/time', ''),
('res-ltng', 'Resist Lightning'),
('res-ltng-max', 'Increases Maximum Lightning Resists'),
('res-ltng/lvl', ''),
('res-ltng/time', ''),
('res-mag', 'Resist Magic'),
('res-mag-max', 'Increases Maximum Magic Resists'),
('res-pois', 'Resist Poison'),
('res-pois-len', ''),
('res-pois-max', 'Increases Maximum Poison Resists'),
('res-pois/lvl', ''),
('res-pois/time', ''),
('rip', ''),
('skill', ''),
('skill-rand', ''),
('skilltab', ''),
('slow', ''),
('sock', ''),
('sor', ''),
('stack', ''),
('stam', ''),
('stam/lvl', ''),
('stam/time', ''),
('stamdrain', ''),
('state', ''),
('str', 'Strength Increase'),
('str/lvl', ''),
('str/time', ''),
('StrBonus', 'Strength Bonus'),
('stupidity', ''),
('swing1', ''),
('swing2', ''),
('swing3', ''),
('thorns', ''),
('thorns/lvl', ''),
('throw', ''),
('time', ''),
('vit', 'Vitality Increase'),
('vit/lvl', ''),
('vit/time', ''),
('wounds/lvl', ''),
('wounds/time', '');

--
-- Constraints for dumped tables
--

--
-- Constraints for table `loot`
--
ALTER TABLE `loot`
  ADD CONSTRAINT `loot_ibfk_1` FOREIGN KEY (`division`) REFERENCES `relate_division` (`division`) ON DELETE CASCADE ON UPDATE CASCADE;

--
-- Constraints for table `loot_flags`
--
ALTER TABLE `loot_flags`
  ADD CONSTRAINT `loot_flags_ibfk_1` FOREIGN KEY (`loot`) REFERENCES `loot` (`name`) ON DELETE CASCADE ON UPDATE CASCADE;

--
-- Constraints for table `loot_magic`
--
ALTER TABLE `loot_magic`
  ADD CONSTRAINT `loot_magic_ibfk_1` FOREIGN KEY (`class`) REFERENCES `loot` (`name`) ON DELETE CASCADE ON UPDATE CASCADE;

--
-- Constraints for table `loot_properties`
--
ALTER TABLE `loot_properties`
  ADD CONSTRAINT `loot_properties_ibfk_2` FOREIGN KEY (`property`) REFERENCES `translate_loot_properties` (`property`) ON DELETE CASCADE ON UPDATE CASCADE,
  ADD CONSTRAINT `loot_properties_ibfk_1` FOREIGN KEY (`name`) REFERENCES `loot` (`name`) ON DELETE CASCADE ON UPDATE CASCADE;

--
-- Constraints for table `loot_properties_magic`
--
ALTER TABLE `loot_properties_magic`
  ADD CONSTRAINT `loot_properties_magic_ibfk_1` FOREIGN KEY (`loot`) REFERENCES `loot_magic` (`name`) ON DELETE CASCADE ON UPDATE CASCADE;

--
-- Constraints for table `loot_properties_set`
--
ALTER TABLE `loot_properties_set`
  ADD CONSTRAINT `loot_properties_set_ibfk_1` FOREIGN KEY (`set_item`) REFERENCES `loot_magic` (`name`) ON DELETE CASCADE ON UPDATE CASCADE;

--
-- Constraints for table `loot_properties_set_full`
--
ALTER TABLE `loot_properties_set_full`
  ADD CONSTRAINT `loot_properties_set_full_ibfk_1` FOREIGN KEY (`set_family`) REFERENCES `relate_loot_set` (`set_family`) ON DELETE CASCADE ON UPDATE CASCADE;

--
-- Constraints for table `relate_division`
--
ALTER TABLE `relate_division`
  ADD CONSTRAINT `relate_division_ibfk_1` FOREIGN KEY (`kingdom`) REFERENCES `relate_kingdom` (`kingdom`) ON DELETE CASCADE ON UPDATE CASCADE;

--
-- Constraints for table `relate_kingdom`
--
ALTER TABLE `relate_kingdom`
  ADD CONSTRAINT `relate_kingdom_ibfk_1` FOREIGN KEY (`domain`) REFERENCES `relate_domain` (`domain`) ON DELETE CASCADE ON UPDATE CASCADE;

--
-- Constraints for table `relate_loot_set`
--
ALTER TABLE `relate_loot_set`
  ADD CONSTRAINT `relate_loot_set_ibfk_1` FOREIGN KEY (`set_item`) REFERENCES `loot_magic` (`name`) ON DELETE CASCADE ON UPDATE CASCADE;
